
DROP TABLE IF EXISTS action_receipt_actions; CREATE TABLE action_receipt_actions (
    receipt_id text,
    index_in_action_receipt integer,
    action_kind text,
    args jsonb,
    receipt_predecessor_account_id text,
    receipt_receiver_account_id text,
    receipt_included_in_block_timestamp numeric(20,0)
);

DROP TABLE IF EXISTS blocks; CREATE TABLE blocks (
    block_height numeric(20,0),
    block_hash text,
    prev_block_hash text,
    block_timestamp numeric(20,0),
    total_supply numeric(45,0),
    gas_price numeric(45,0),
    author_account_id text
);

DROP TABLE IF EXISTS execution_outcomes; CREATE TABLE execution_outcomes (
    receipt_id text,
    executed_in_block_hash text,
    executed_in_block_timestamp numeric(20,0),
    index_in_chunk integer,
    gas_burnt numeric(20,0),
    tokens_burnt numeric(45,0),
    executor_account_id text,
    status text,
    shard_id numeric(20,0)
);

DROP TABLE IF EXISTS receipts; CREATE TABLE receipts (
    receipt_id text,
    included_in_block_hash text,
    included_in_chunk_hash text,
    index_in_chunk integer,
    included_in_block_timestamp numeric(20,0),
    predecessor_account_id text,
    receiver_account_id text,
    receipt_kind text,
    originated_from_transaction_hash text
);

DROP TABLE IF EXISTS transaction_actions; CREATE TABLE transaction_actions (
    transaction_hash text,
    index_in_transaction integer,
    action_kind text,
    args jsonb
);

DROP TABLE IF EXISTS transactions; CREATE TABLE transactions (
    transaction_hash text,
    included_in_block_hash text,
    included_in_chunk_hash text,
    index_in_chunk integer,
    block_timestamp numeric(20,0),
    signer_account_id text,
    signer_key text,
    nonce numeric(20,0),
    receiver_account_id text,
    signature text,
    status text,
    converted_into_receipt_id text,
    receipt_conversion_gas_burnt numeric(20,0),
    receipt_conversion_tokens_burnt numeric(45,0)
);

INSERT INTO action_receipt_actions (receipt_id, index_in_action_receipt, action_kind, args, receipt_predecessor_account_id, receipt_receiver_account_id, receipt_included_in_block_timestamp) VALUES ('jmi1hxByNRvS5N3H4bkGq8q8yMn1G65buEriV5Rbnuv', 0, 'FUNCTION_CALL', '{"gas": 15000000000000, "deposit": "1", "args_json": {"amount": "2500000000", "receiver_id": "donny.near"}, "args_base64": "eyJhbW91bnQiOiIyNTAwMDAwMDAwIiwicmVjZWl2ZXJfaWQiOiJkb25ueS5uZWFyIn0=", "method_name": "ft_transfer"}', 'nf-payments.near', 'a0b86991c6218b36c1d19d4a2e9eb0ce3606eb48.factory.bridge.near', 1664998930955089826);
INSERT INTO action_receipt_actions (receipt_id, index_in_action_receipt, action_kind, args, receipt_predecessor_account_id, receipt_receiver_account_id, receipt_included_in_block_timestamp) VALUES ('EDtQBo1t1Zrc1zHpA9Vioy7SAnaUAiCC1J8fhTYJgfrg', 0, 'TRANSFER', '{"deposit": "100000000000000000000000000"}', 'nf-payments.near', 'cindytest.near', 1664971264148129799);
INSERT INTO action_receipt_actions (receipt_id, index_in_action_receipt, action_kind, args, receipt_predecessor_account_id, receipt_receiver_account_id, receipt_included_in_block_timestamp) VALUES ('AxuaBi9zX3bZdXguvFHjbbbVubg5mfCwrH1tsyMhn8rR', 0, 'TRANSFER', '{"deposit": "68000000000000000000000000"}', 'oskarlee.near', 'nf-payments.near', 1664956548702759651);
INSERT INTO action_receipt_actions (receipt_id, index_in_action_receipt, action_kind, args, receipt_predecessor_account_id, receipt_receiver_account_id, receipt_included_in_block_timestamp) VALUES ('2PqHbACuQAZ7FJdJNgJ5N3mAuk3cSQvETCP1wMSGX68w', 0, 'TRANSFER', '{"deposit": "100000000000000000000000000"}', 'nf-payments.near', 'cindylam8ch.near', 1664960738951215371);
INSERT INTO action_receipt_actions (receipt_id, index_in_action_receipt, action_kind, args, receipt_predecessor_account_id, receipt_receiver_account_id, receipt_included_in_block_timestamp) VALUES ('3nXjcQHG27c5Rjz5fGgjjaJqdZT8JerqX7gMkzcVQeCg', 0, 'FUNCTION_CALL', '{"gas": 15000000000000, "deposit": "1", "args_json": {"amount": "120000000000", "receiver_id": "banyancollective.near"}, "args_base64": "eyJhbW91bnQiOiIxMjAwMDAwMDAwMDAiLCJyZWNlaXZlcl9pZCI6ImJhbnlhbmNvbGxlY3RpdmUubmVhciJ9", "method_name": "ft_transfer"}', 'nf-payments.near', 'a0b86991c6218b36c1d19d4a2e9eb0ce3606eb48.factory.bridge.near', 1664986799454274397);
INSERT INTO action_receipt_actions (receipt_id, index_in_action_receipt, action_kind, args, receipt_predecessor_account_id, receipt_receiver_account_id, receipt_included_in_block_timestamp) VALUES ('mNiFMaR5uRympFTm2jmr4qG8zKTuEint4anJY3WwKy7', 0, 'TRANSFER', '{"deposit": "100000000000000000000000000"}', 'nf-payments.near', 'arlequin.near', 1664982096038342380);
INSERT INTO action_receipt_actions (receipt_id, index_in_action_receipt, action_kind, args, receipt_predecessor_account_id, receipt_receiver_account_id, receipt_included_in_block_timestamp) VALUES ('ER88Cp3LBAZhLp5CTcsQnZykr7JAuHZ1H4y2MHVMsdc2', 0, 'TRANSFER', '{"deposit": "1000000000000000000000000"}', 'nf-payments.near', 'c8aec00e608c785a85a7bee21a22fcc06aa442350f5b6fa41fc65cf6b8891ba6', 1664961237448034261);
INSERT INTO action_receipt_actions (receipt_id, index_in_action_receipt, action_kind, args, receipt_predecessor_account_id, receipt_receiver_account_id, receipt_included_in_block_timestamp) VALUES ('7hTwaquMPtHBPXQ444ejt32cwpozjwQvzvnmutTzvbNt', 0, 'FUNCTION_CALL', '{"gas": 15000000000000, "deposit": "1", "args_json": {"amount": "25000000000", "receiver_id": "fayyr.near"}, "args_base64": "eyJhbW91bnQiOiIyNTAwMDAwMDAwMCIsInJlY2VpdmVyX2lkIjoiZmF5eXIubmVhciJ9", "method_name": "ft_transfer"}', 'nf-payments.near', 'a0b86991c6218b36c1d19d4a2e9eb0ce3606eb48.factory.bridge.near', 1664992092692593402);
INSERT INTO action_receipt_actions (receipt_id, index_in_action_receipt, action_kind, args, receipt_predecessor_account_id, receipt_receiver_account_id, receipt_included_in_block_timestamp) VALUES ('6z94QSk82AtbfW2dkA2dmGfkmhpFLQkCsUNeFMrwnCiW', 0, 'TRANSFER', '{"deposit": "1000000000000000000000000"}', 'nf-payments.near', 'iosifv.near', 1664981434514734949);
INSERT INTO action_receipt_actions (receipt_id, index_in_action_receipt, action_kind, args, receipt_predecessor_account_id, receipt_receiver_account_id, receipt_included_in_block_timestamp) VALUES ('CAMBLJgVX5tfCYSGUw3DcN74opxAUAa5SXDTn2S4btYB', 0, 'TRANSFER', '{"deposit": "1000000000000000000000000"}', 'nf-payments.near', 'iosifv.near', 1664981461205750923);
INSERT INTO action_receipt_actions (receipt_id, index_in_action_receipt, action_kind, args, receipt_predecessor_account_id, receipt_receiver_account_id, receipt_included_in_block_timestamp) VALUES ('5wQqDp2uWjmEpZA4jUBme9ZzLYz8muYBm8k169bRXP64', 0, 'TRANSFER', '{"deposit": "100000000000000000000000000"}', 'nf-payments.near', 'piggins.near', 1664961079340576449);
INSERT INTO action_receipt_actions (receipt_id, index_in_action_receipt, action_kind, args, receipt_predecessor_account_id, receipt_receiver_account_id, receipt_included_in_block_timestamp) VALUES ('EThmTa5jX1eDtt8BUeV7JQz14uBxexc7BpVXDDDPBWQQ', 0, 'TRANSFER', '{"deposit": "500000000000000000000000"}', 'nf-payments.near', 'banyancollective.near', 1664982378989049052);
INSERT INTO action_receipt_actions (receipt_id, index_in_action_receipt, action_kind, args, receipt_predecessor_account_id, receipt_receiver_account_id, receipt_included_in_block_timestamp) VALUES ('C2QZiiNVBg2ZHDTiD8WNxz8Srp79W4ZSms5wZWEvdvso', 0, 'FUNCTION_CALL', '{"gas": 15000000000000, "deposit": "1", "args_json": {"amount": "1300000", "receiver_id": "banyancollective.near"}, "args_base64": "eyJhbW91bnQiOiIxMzAwMDAwIiwicmVjZWl2ZXJfaWQiOiJiYW55YW5jb2xsZWN0aXZlLm5lYXIifQ==", "method_name": "ft_transfer"}', 'nf-payments.near', 'a0b86991c6218b36c1d19d4a2e9eb0ce3606eb48.factory.bridge.near', 1664957159669116342);
INSERT INTO action_receipt_actions (receipt_id, index_in_action_receipt, action_kind, args, receipt_predecessor_account_id, receipt_receiver_account_id, receipt_included_in_block_timestamp) VALUES ('51H4knS95D97Txi8K9E2KSz1ctAoXdhatNQwqkKCeCbW', 0, 'TRANSFER', '{"deposit": "68000000000000000000000000"}', 'dapplets-project.near', 'nf-payments.near', 1664921115447484869);
INSERT INTO action_receipt_actions (receipt_id, index_in_action_receipt, action_kind, args, receipt_predecessor_account_id, receipt_receiver_account_id, receipt_included_in_block_timestamp) VALUES ('nbDTqudaKDJhVGsnExyqPQE7iatXyeFDeE9hWtB1AE4', 0, 'TRANSFER', '{"deposit": "68000000000000000000000000"}', 'alipapa.near', 'nf-payments.near', 1664953561785434866);
INSERT INTO action_receipt_actions (receipt_id, index_in_action_receipt, action_kind, args, receipt_predecessor_account_id, receipt_receiver_account_id, receipt_included_in_block_timestamp) VALUES ('9Pto497rgbbas2mjZzcQutYq3LXM7vHVvETb5kicmhvB', 0, 'TRANSFER', '{"deposit": "82900000000000000000000000"}', 'nf-payments.near', 'ae57aa15dbb168f55ef76e591f739b37cae96d8072c3048dd22baa82c11b30e4', 1664987630162659611);
INSERT INTO action_receipt_actions (receipt_id, index_in_action_receipt, action_kind, args, receipt_predecessor_account_id, receipt_receiver_account_id, receipt_included_in_block_timestamp) VALUES ('4DxGrqNbGDn3y1pppeNbkZYe6CiNoPtD2tdfHQiysbzP', 0, 'TRANSFER', '{"deposit": "1000000000000000000000000"}', 'nf-payments.near', 'c8aec00e608c785a85a7bee21a22fcc06aa442350f5b6fa41fc65cf6b8891ba6', 1664961308432936073);
INSERT INTO action_receipt_actions (receipt_id, index_in_action_receipt, action_kind, args, receipt_predecessor_account_id, receipt_receiver_account_id, receipt_included_in_block_timestamp) VALUES ('7NqgnyPa5dAevuCTF2AEfihgdsEWoNJGKEHYWCcQejXs', 0, 'TRANSFER', '{"deposit": "500000000000000000000000"}', 'nf-payments.near', 'retax.near', 1664896356075671047);
INSERT INTO action_receipt_actions (receipt_id, index_in_action_receipt, action_kind, args, receipt_predecessor_account_id, receipt_receiver_account_id, receipt_included_in_block_timestamp) VALUES ('9oavnoHQiN2fqoR6M7CPbpKhBbKkEHTG15tdWahiihk7', 0, 'FUNCTION_CALL', '{"gas": 15000000000000, "deposit": "1", "args_json": {"amount": "500000", "receiver_id": "fayyr.near"}, "args_base64": "eyJhbW91bnQiOiI1MDAwMDAiLCJyZWNlaXZlcl9pZCI6ImZheXlyLm5lYXIifQ==", "method_name": "ft_transfer"}', 'nf-payments.near', 'a0b86991c6218b36c1d19d4a2e9eb0ce3606eb48.factory.bridge.near', 1664976224301548033);
INSERT INTO action_receipt_actions (receipt_id, index_in_action_receipt, action_kind, args, receipt_predecessor_account_id, receipt_receiver_account_id, receipt_included_in_block_timestamp) VALUES ('4Y6GzsYz9QnKcXsLjvbjbNyTHdJdzX8axcvUJqBMAcfv', 0, 'TRANSFER', '{"deposit": "307700000000000000000000000"}', 'nf-payments.near', 'retax.near', 1664958834166737971);

INSERT INTO blocks (block_height, block_hash, prev_block_hash, block_timestamp, total_supply, gas_price, author_account_id) VALUES (75597245, '2YLHLuSTKsKVkz7VoSzFRMgeabgmKhDDNi6QyW1HpCdx', 'J1Hpj1VnPz7Wv4vorP6RdBoyEi78Dw7SzDsR3wN1dksL', 1664998930955089826, 1101030244003700312914384478101240, 100000000, 'kiln.poolv1.near');
INSERT INTO blocks (block_height, block_hash, prev_block_hash, block_timestamp, total_supply, gas_price, author_account_id) VALUES (75575799, '966AanabA4DDAwTMf2g4TbYGjFs5vLx9uCELJdoFUcaT', 'D1cm2uFjmcY4zUJkcM9MiX2KWiqsUa6cD8c469DMkCqt', 1664971264148129799, 1101030509411697117866793488255990, 100000000, 'lux.poolv1.near');
INSERT INTO blocks (block_height, block_hash, prev_block_hash, block_timestamp, total_supply, gas_price, author_account_id) VALUES (75564525, '8RYy8gW3YMPcbfwLamdh7v83VzdF28HUkiVFC4mwV1tY', '8Pgi6TC4gztboSYaM8iDha5JrfBxdQVWLukphkm5wYw2', 1664956548702759651, 1100943532559200557574152583101108, 100000000, 'bzam6yjpnfnxsdmjf6pw.poolv1.near');
INSERT INTO blocks (block_height, block_hash, prev_block_hash, block_timestamp, total_supply, gas_price, author_account_id) VALUES (75567700, 'HHrCsZp3gxQUNAoBTCTKBtQZifNZnQA8aWcPUkQjR2Hb', 'GbieLSRRjDYVPyED9vpwyerYwAtjC5Xf6fXH561AaEx9', 1664960738951215371, 1100943499586275089042390983101108, 100000000, 'continue.poolv1.near');
INSERT INTO blocks (block_height, block_hash, prev_block_hash, block_timestamp, total_supply, gas_price, author_account_id) VALUES (75587904, '2cJNSMLwjwZRsgzBfBrMyGSHs8Gs4bajUiaF3hhdMHxP', '7BbNb8yUPUY5gtk7FUNVKLVDCCbT1evG3L4HyWBevvkw', 1664986799454274397, 1101030356681999316131411788255990, 100000000, 'galaxydigital.poolv1.near');
INSERT INTO blocks (block_height, block_hash, prev_block_hash, block_timestamp, total_supply, gas_price, author_account_id) VALUES (75584284, 'HzxKN1w5MsuWbqy9hB9LBEHW5ok4Sgm1XuLXx9nXHzJy', '6NLrGSqjbAG5nB7tFvRo2EAS3n4mRiHWi88p4j929zim', 1664982096038342380, 1101030410805315379448766288255990, 100000000, 'kiln.poolv1.near');
INSERT INTO blocks (block_height, block_hash, prev_block_hash, block_timestamp, total_supply, gas_price, author_account_id) VALUES (75568079, 'GnXQRditS1vR16g8P6toNHAYb99i7PNcV4LZ88WrURwy', '6U6fxT6Txcs8t7k5dbTnPWP74zzgbfv9nYUWBGrVSNrC', 1664961237448034261, 1100943491338657630960172583101108, 100000000, 'kiln.poolv1.near');
INSERT INTO blocks (block_height, block_hash, prev_block_hash, block_timestamp, total_supply, gas_price, author_account_id) VALUES (75592030, 'F97znLke3JsdviAEZTnXivUkECrCf9v2xUVWChh8Ed8t', 'BEP3HUGGc8z6XdYeem3aqbtKV6czd82zpDEc1UYQ9o1k', 1664992092692593402, 1101030310644557725025901788255990, 100000000, 'astro-stakers.poolv1.near');
INSERT INTO blocks (block_height, block_hash, prev_block_hash, block_timestamp, total_supply, gas_price, author_account_id) VALUES (75583759, 'EiXqKUnBZMc6orsWGyjRoCyN4gM16ArY3sGddKsQznfk', 'DieJembYXmLbRswtT7y4UU3ctK7cWCmmB89zv5az1zLe', 1664981434514734949, 1101030413741590764845852788255990, 100000000, 'astro-stakers.poolv1.near');
INSERT INTO blocks (block_height, block_hash, prev_block_hash, block_timestamp, total_supply, gas_price, author_account_id) VALUES (75583779, '2eQ1ZebGLWvVmtEVHYFmyAkRJJukobzhBZ198BBbyEJa', 'EBXJ9w22pX4B7bUWk6sdx4yr6tz53Hr5j1aVpDyWqYwb', 1664981461205750923, 1101030413607513578648462688255990, 100000000, 'openshards.poolv1.near');
INSERT INTO blocks (block_height, block_hash, prev_block_hash, block_timestamp, total_supply, gas_price, author_account_id) VALUES (75567957, '9t9PPfEb9gHvisMWdVHmLWussvCs27Yj2AkJYQZZQFSs', 'DXE3meaBY7cqFknsErbfGdN79w6m9aLW7EogaPZb9zTo', 1664961079340576449, 1100943491963679593225504483101108, 100000000, 'astro-stakers.poolv1.near');
INSERT INTO blocks (block_height, block_hash, prev_block_hash, block_timestamp, total_supply, gas_price, author_account_id) VALUES (75584497, '6UFWBJVPikWBJWfoFL6MLYYQ9Bmiehb6j1Tj8tutXywt', 'BXzFC1Bcrbf4BWD52MSpBt11JjHZbxcxMeSxJZcweo2q', 1664982378989049052, 1101030404058278750683403688255990, 100000000, 'foundry.poolv1.near');
INSERT INTO blocks (block_height, block_hash, prev_block_hash, block_timestamp, total_supply, gas_price, author_account_id) VALUES (75564987, 'eUDJ44GF6GA5bbLZefh2sPcb3xkNdDhXzGFG7v6bLyb', '36HusEHZ29A7mjWMtwTPCCnxNRtMBL3vqMQsW8FZhPSD', 1664957159669116342, 1100943524497888899603457783101108, 100000000, 'accomplice.poolv1.near');
INSERT INTO blocks (block_height, block_hash, prev_block_hash, block_timestamp, total_supply, gas_price, author_account_id) VALUES (75537691, 'HJ2vdGLQcAkA4FYCdkjxd47T7z5B4jTqMoyq5Xk36vDz', '2s5bbKPek4yR28SjhdnkUuQ5tF4fhkPT4t8UJ5Li4f38', 1664921115447484869, 1100943716498901908485902109393565, 100000000, 'hb436_pool.poolv1.near');
INSERT INTO blocks (block_height, block_hash, prev_block_hash, block_timestamp, total_supply, gas_price, author_account_id) VALUES (75562265, '2sG6xHQKu7NVkTtZ9Aw3T8UMa5EkxremVFpggiqKUwNK', 'H7r5Cd3inP8kgwgsrfCUWKqm6WfqBbJP8U2SznuzHaMp', 1664953561785434866, 1100943549094067780945003983101108, 100000000, 'continue.poolv1.near');
INSERT INTO blocks (block_height, block_hash, prev_block_hash, block_timestamp, total_supply, gas_price, author_account_id) VALUES (75588569, 'f4Ce6HPCYoDigM2rc7y79VjYMy55FadW3CRep7jqoqH', '6mRKDQKmgTkpKt4AvM4bZCYAnmeDsWczBJyQ8J1ufURa', 1664987630162659611, 1101030351686378177748143988255990, 100000000, 'zavodil.poolv1.near');
INSERT INTO blocks (block_height, block_hash, prev_block_hash, block_timestamp, total_supply, gas_price, author_account_id) VALUES (75568133, '7LGP6LEWMwUgayrqgr13A5KJQnzqh91yYzVgdtFo3Vy3', 'TvEkKdvJfBgN5i533DdoUSHKJp4DHNDT9WhYwZELnnM', 1664961308432936073, 1100943491028383204727584883101108, 100000000, 'aurora.pool.near');
INSERT INTO blocks (block_height, block_hash, prev_block_hash, block_timestamp, total_supply, gas_price, author_account_id) VALUES (75518666, '2woYK4rMXbB9vCfahGnenDQ3mdna8uoaXY65oHedSWjU', 'CbPL5gjgnNmvMyrAgM3Wnss664zZwWRx8qSaXRhAH1uR', 1664896356075671047, 1100854985718716644932435205010738, 100000000, 'aurora.pool.near');
INSERT INTO blocks (block_height, block_hash, prev_block_hash, block_timestamp, total_supply, gas_price, author_account_id) VALUES (75579674, 'BTwe4kYqbEMohoBErsTEfwqXPAUjrZLAZ3QHe2LBHXea', 'CzodDAQm6YE6BodHb2sw6GzgVrNEaKASqDMr2bMVPxsA', 1664976224301548033, 1101030454147506859245170288255990, 100000000, 'qbit.poolv1.near');
INSERT INTO blocks (block_height, block_hash, prev_block_hash, block_timestamp, total_supply, gas_price, author_account_id) VALUES (75566258, 'EkyTfff8e738UwHu9MqXBJxcXicjjxMEGZcxDM4vBqKw', 'Boa6EAHpiKWNVXhRAqJXGT8m9DxtYUcopMeBTGDYW61', 1664958834166737971, 1100943512361575159271469183101108, 100000000, 'zavodil.poolv1.near');

INSERT INTO execution_outcomes (receipt_id, executed_in_block_hash, executed_in_block_timestamp, index_in_chunk, gas_burnt, tokens_burnt, executor_account_id, status, shard_id) VALUES ('jmi1hxByNRvS5N3H4bkGq8q8yMn1G65buEriV5Rbnuv', '2YLHLuSTKsKVkz7VoSzFRMgeabgmKhDDNi6QyW1HpCdx', 1664998930955089826, 2, 3882116805211, 388211680521100000000, 'a0b86991c6218b36c1d19d4a2e9eb0ce3606eb48.factory.bridge.near', 'SUCCESS_VALUE', 0);
INSERT INTO execution_outcomes (receipt_id, executed_in_block_hash, executed_in_block_timestamp, index_in_chunk, gas_burnt, tokens_burnt, executor_account_id, status, shard_id) VALUES ('EDtQBo1t1Zrc1zHpA9Vioy7SAnaUAiCC1J8fhTYJgfrg', '966AanabA4DDAwTMf2g4TbYGjFs5vLx9uCELJdoFUcaT', 1664971264148129799, 3, 223182562500, 22318256250000000000, 'cindytest.near', 'SUCCESS_VALUE', 2);
INSERT INTO execution_outcomes (receipt_id, executed_in_block_hash, executed_in_block_timestamp, index_in_chunk, gas_burnt, tokens_burnt, executor_account_id, status, shard_id) VALUES ('AxuaBi9zX3bZdXguvFHjbbbVubg5mfCwrH1tsyMhn8rR', '8RYy8gW3YMPcbfwLamdh7v83VzdF28HUkiVFC4mwV1tY', 1664956548702759651, 12, 223182562500, 22318256250000000000, 'nf-payments.near', 'SUCCESS_VALUE', 3);
INSERT INTO execution_outcomes (receipt_id, executed_in_block_hash, executed_in_block_timestamp, index_in_chunk, gas_burnt, tokens_burnt, executor_account_id, status, shard_id) VALUES ('2PqHbACuQAZ7FJdJNgJ5N3mAuk3cSQvETCP1wMSGX68w', 'HHrCsZp3gxQUNAoBTCTKBtQZifNZnQA8aWcPUkQjR2Hb', 1664960738951215371, 0, 223182562500, 22318256250000000000, 'cindylam8ch.near', 'SUCCESS_VALUE', 2);
INSERT INTO execution_outcomes (receipt_id, executed_in_block_hash, executed_in_block_timestamp, index_in_chunk, gas_burnt, tokens_burnt, executor_account_id, status, shard_id) VALUES ('3nXjcQHG27c5Rjz5fGgjjaJqdZT8JerqX7gMkzcVQeCg', '2cJNSMLwjwZRsgzBfBrMyGSHs8Gs4bajUiaF3hhdMHxP', 1664986799454274397, 1, 3889548001334, 388954800133400000000, 'a0b86991c6218b36c1d19d4a2e9eb0ce3606eb48.factory.bridge.near', 'SUCCESS_VALUE', 0);
INSERT INTO execution_outcomes (receipt_id, executed_in_block_hash, executed_in_block_timestamp, index_in_chunk, gas_burnt, tokens_burnt, executor_account_id, status, shard_id) VALUES ('mNiFMaR5uRympFTm2jmr4qG8zKTuEint4anJY3WwKy7', 'HzxKN1w5MsuWbqy9hB9LBEHW5ok4Sgm1XuLXx9nXHzJy', 1664982096038342380, 2, 223182562500, 22318256250000000000, 'arlequin.near', 'SUCCESS_VALUE', 0);
INSERT INTO execution_outcomes (receipt_id, executed_in_block_hash, executed_in_block_timestamp, index_in_chunk, gas_burnt, tokens_burnt, executor_account_id, status, shard_id) VALUES ('ER88Cp3LBAZhLp5CTcsQnZykr7JAuHZ1H4y2MHVMsdc2', 'GnXQRditS1vR16g8P6toNHAYb99i7PNcV4LZ88WrURwy', 1664961237448034261, 0, 424555062500, 42455506250000000000, 'c8aec00e608c785a85a7bee21a22fcc06aa442350f5b6fa41fc65cf6b8891ba6', 'SUCCESS_VALUE', 2);
INSERT INTO execution_outcomes (receipt_id, executed_in_block_hash, executed_in_block_timestamp, index_in_chunk, gas_burnt, tokens_burnt, executor_account_id, status, shard_id) VALUES ('7hTwaquMPtHBPXQ444ejt32cwpozjwQvzvnmutTzvbNt', 'F97znLke3JsdviAEZTnXivUkECrCf9v2xUVWChh8Ed8t', 1664992092692593402, 1, 3915056559440, 391505655944000000000, 'a0b86991c6218b36c1d19d4a2e9eb0ce3606eb48.factory.bridge.near', 'SUCCESS_VALUE', 0);
INSERT INTO execution_outcomes (receipt_id, executed_in_block_hash, executed_in_block_timestamp, index_in_chunk, gas_burnt, tokens_burnt, executor_account_id, status, shard_id) VALUES ('6z94QSk82AtbfW2dkA2dmGfkmhpFLQkCsUNeFMrwnCiW', 'EiXqKUnBZMc6orsWGyjRoCyN4gM16ArY3sGddKsQznfk', 1664981434514734949, 0, 223182562500, 22318256250000000000, 'iosifv.near', 'SUCCESS_VALUE', 2);
INSERT INTO execution_outcomes (receipt_id, executed_in_block_hash, executed_in_block_timestamp, index_in_chunk, gas_burnt, tokens_burnt, executor_account_id, status, shard_id) VALUES ('CAMBLJgVX5tfCYSGUw3DcN74opxAUAa5SXDTn2S4btYB', '2eQ1ZebGLWvVmtEVHYFmyAkRJJukobzhBZ198BBbyEJa', 1664981461205750923, 0, 223182562500, 22318256250000000000, 'iosifv.near', 'SUCCESS_VALUE', 2);
INSERT INTO execution_outcomes (receipt_id, executed_in_block_hash, executed_in_block_timestamp, index_in_chunk, gas_burnt, tokens_burnt, executor_account_id, status, shard_id) VALUES ('5wQqDp2uWjmEpZA4jUBme9ZzLYz8muYBm8k169bRXP64', '9t9PPfEb9gHvisMWdVHmLWussvCs27Yj2AkJYQZZQFSs', 1664961079340576449, 0, 223182562500, 22318256250000000000, 'piggins.near', 'SUCCESS_VALUE', 3);
INSERT INTO execution_outcomes (receipt_id, executed_in_block_hash, executed_in_block_timestamp, index_in_chunk, gas_burnt, tokens_burnt, executor_account_id, status, shard_id) VALUES ('EThmTa5jX1eDtt8BUeV7JQz14uBxexc7BpVXDDDPBWQQ', '6UFWBJVPikWBJWfoFL6MLYYQ9Bmiehb6j1Tj8tutXywt', 1664982378989049052, 3, 223182562500, 22318256250000000000, 'banyancollective.near', 'SUCCESS_VALUE', 2);
INSERT INTO execution_outcomes (receipt_id, executed_in_block_hash, executed_in_block_timestamp, index_in_chunk, gas_burnt, tokens_burnt, executor_account_id, status, shard_id) VALUES ('C2QZiiNVBg2ZHDTiD8WNxz8Srp79W4ZSms5wZWEvdvso', 'eUDJ44GF6GA5bbLZefh2sPcb3xkNdDhXzGFG7v6bLyb', 1664957159669116342, 1, 3886745588547, 388674558854700000000, 'a0b86991c6218b36c1d19d4a2e9eb0ce3606eb48.factory.bridge.near', 'SUCCESS_VALUE', 0);
INSERT INTO execution_outcomes (receipt_id, executed_in_block_hash, executed_in_block_timestamp, index_in_chunk, gas_burnt, tokens_burnt, executor_account_id, status, shard_id) VALUES ('51H4knS95D97Txi8K9E2KSz1ctAoXdhatNQwqkKCeCbW', 'HJ2vdGLQcAkA4FYCdkjxd47T7z5B4jTqMoyq5Xk36vDz', 1664921115447484869, 1, 223182562500, 22318256250000000000, 'nf-payments.near', 'SUCCESS_VALUE', 3);
INSERT INTO execution_outcomes (receipt_id, executed_in_block_hash, executed_in_block_timestamp, index_in_chunk, gas_burnt, tokens_burnt, executor_account_id, status, shard_id) VALUES ('nbDTqudaKDJhVGsnExyqPQE7iatXyeFDeE9hWtB1AE4', '2sG6xHQKu7NVkTtZ9Aw3T8UMa5EkxremVFpggiqKUwNK', 1664953561785434866, 19, 223182562500, 22318256250000000000, 'nf-payments.near', 'SUCCESS_VALUE', 3);
INSERT INTO execution_outcomes (receipt_id, executed_in_block_hash, executed_in_block_timestamp, index_in_chunk, gas_burnt, tokens_burnt, executor_account_id, status, shard_id) VALUES ('9Pto497rgbbas2mjZzcQutYq3LXM7vHVvETb5kicmhvB', 'f4Ce6HPCYoDigM2rc7y79VjYMy55FadW3CRep7jqoqH', 1664987630162659611, 4, 424555062500, 42455506250000000000, 'ae57aa15dbb168f55ef76e591f739b37cae96d8072c3048dd22baa82c11b30e4', 'SUCCESS_VALUE', 0);
INSERT INTO execution_outcomes (receipt_id, executed_in_block_hash, executed_in_block_timestamp, index_in_chunk, gas_burnt, tokens_burnt, executor_account_id, status, shard_id) VALUES ('4DxGrqNbGDn3y1pppeNbkZYe6CiNoPtD2tdfHQiysbzP', '7LGP6LEWMwUgayrqgr13A5KJQnzqh91yYzVgdtFo3Vy3', 1664961308432936073, 1, 424555062500, 42455506250000000000, 'c8aec00e608c785a85a7bee21a22fcc06aa442350f5b6fa41fc65cf6b8891ba6', 'SUCCESS_VALUE', 2);
INSERT INTO execution_outcomes (receipt_id, executed_in_block_hash, executed_in_block_timestamp, index_in_chunk, gas_burnt, tokens_burnt, executor_account_id, status, shard_id) VALUES ('7NqgnyPa5dAevuCTF2AEfihgdsEWoNJGKEHYWCcQejXs', '2woYK4rMXbB9vCfahGnenDQ3mdna8uoaXY65oHedSWjU', 1664896356075671047, 8, 223182562500, 22318256250000000000, 'retax.near', 'SUCCESS_VALUE', 3);
INSERT INTO execution_outcomes (receipt_id, executed_in_block_hash, executed_in_block_timestamp, index_in_chunk, gas_burnt, tokens_burnt, executor_account_id, status, shard_id) VALUES ('9oavnoHQiN2fqoR6M7CPbpKhBbKkEHTG15tdWahiihk7', 'BTwe4kYqbEMohoBErsTEfwqXPAUjrZLAZ3QHe2LBHXea', 1664976224301548033, 2, 3843064559691, 384306455969100000000, 'a0b86991c6218b36c1d19d4a2e9eb0ce3606eb48.factory.bridge.near', 'SUCCESS_VALUE', 0);
INSERT INTO execution_outcomes (receipt_id, executed_in_block_hash, executed_in_block_timestamp, index_in_chunk, gas_burnt, tokens_burnt, executor_account_id, status, shard_id) VALUES ('4Y6GzsYz9QnKcXsLjvbjbNyTHdJdzX8axcvUJqBMAcfv', 'EkyTfff8e738UwHu9MqXBJxcXicjjxMEGZcxDM4vBqKw', 1664958834166737971, 2, 223182562500, 22318256250000000000, 'retax.near', 'SUCCESS_VALUE', 3);

INSERT INTO receipts (receipt_id, included_in_block_hash, included_in_chunk_hash, index_in_chunk, included_in_block_timestamp, predecessor_account_id, receiver_account_id, receipt_kind, originated_from_transaction_hash) VALUES ('jmi1hxByNRvS5N3H4bkGq8q8yMn1G65buEriV5Rbnuv', '2YLHLuSTKsKVkz7VoSzFRMgeabgmKhDDNi6QyW1HpCdx', '8MXH5GwUqkAaBncSduvFZCjoJDYXnXmq9CxJC5KBum3f', 0, 1664998930955089826, 'nf-payments.near', 'a0b86991c6218b36c1d19d4a2e9eb0ce3606eb48.factory.bridge.near', 'ACTION', 'DdgdxTGua8HfWg4AGy77Rb8a5tyG5JwfXuGiV7zxbhuo');
INSERT INTO receipts (receipt_id, included_in_block_hash, included_in_chunk_hash, index_in_chunk, included_in_block_timestamp, predecessor_account_id, receiver_account_id, receipt_kind, originated_from_transaction_hash) VALUES ('EDtQBo1t1Zrc1zHpA9Vioy7SAnaUAiCC1J8fhTYJgfrg', '966AanabA4DDAwTMf2g4TbYGjFs5vLx9uCELJdoFUcaT', 'DoYoyy9oxkpamK5t5ek6A5p8YKTHKs9oPU7k6kZxC68q', 1, 1664971264148129799, 'nf-payments.near', 'cindytest.near', 'ACTION', 'HivQc1gQfvLmyiyAKwvL4AxvnSn9Y4dnWqKBhsBnpShh');
INSERT INTO receipts (receipt_id, included_in_block_hash, included_in_chunk_hash, index_in_chunk, included_in_block_timestamp, predecessor_account_id, receiver_account_id, receipt_kind, originated_from_transaction_hash) VALUES ('AxuaBi9zX3bZdXguvFHjbbbVubg5mfCwrH1tsyMhn8rR', '8RYy8gW3YMPcbfwLamdh7v83VzdF28HUkiVFC4mwV1tY', '3TTSNmJi1xbdhoGXcS2J7wdtErbop2pH6goVo1i1XiDG', 1, 1664956548702759651, 'oskarlee.near', 'nf-payments.near', 'ACTION', 'F1V3VRcuDsypkmHCdqMvFrLrGK24TG8UNswPNkMgQA4v');
INSERT INTO receipts (receipt_id, included_in_block_hash, included_in_chunk_hash, index_in_chunk, included_in_block_timestamp, predecessor_account_id, receiver_account_id, receipt_kind, originated_from_transaction_hash) VALUES ('2PqHbACuQAZ7FJdJNgJ5N3mAuk3cSQvETCP1wMSGX68w', 'HHrCsZp3gxQUNAoBTCTKBtQZifNZnQA8aWcPUkQjR2Hb', '6ebhwpY5QVLrq2JXUBSPgzepzC6cG4TmSTu4sGo7Rbyd', 15, 1664960738951215371, 'nf-payments.near', 'cindylam8ch.near', 'ACTION', '3x1CTJmK5ea31xCbwpqVY21Vv2m9TPBc6Hqzg72Qs47H');
INSERT INTO receipts (receipt_id, included_in_block_hash, included_in_chunk_hash, index_in_chunk, included_in_block_timestamp, predecessor_account_id, receiver_account_id, receipt_kind, originated_from_transaction_hash) VALUES ('3nXjcQHG27c5Rjz5fGgjjaJqdZT8JerqX7gMkzcVQeCg', '2cJNSMLwjwZRsgzBfBrMyGSHs8Gs4bajUiaF3hhdMHxP', 'BcEgQ6483P1PaTU6EDHqNXZps1SbMQyzUunmXFwJ2XPa', 4, 1664986799454274397, 'nf-payments.near', 'a0b86991c6218b36c1d19d4a2e9eb0ce3606eb48.factory.bridge.near', 'ACTION', 'Bfq6B4ipFcCHkKnbsooLiFykFXdSoaEKCgedJCHDcH7C');
INSERT INTO receipts (receipt_id, included_in_block_hash, included_in_chunk_hash, index_in_chunk, included_in_block_timestamp, predecessor_account_id, receiver_account_id, receipt_kind, originated_from_transaction_hash) VALUES ('mNiFMaR5uRympFTm2jmr4qG8zKTuEint4anJY3WwKy7', 'HzxKN1w5MsuWbqy9hB9LBEHW5ok4Sgm1XuLXx9nXHzJy', 'FJsdMN6yxz5NfnRo6Vc8bvzQoJ6gy4aqsqtbC6c3tnBm', 0, 1664982096038342380, 'nf-payments.near', 'arlequin.near', 'ACTION', '3L9WjpFmm11g9L5VW4JMZ4NSW3Czd5e2zmdQrkARW8jj');
INSERT INTO receipts (receipt_id, included_in_block_hash, included_in_chunk_hash, index_in_chunk, included_in_block_timestamp, predecessor_account_id, receiver_account_id, receipt_kind, originated_from_transaction_hash) VALUES ('ER88Cp3LBAZhLp5CTcsQnZykr7JAuHZ1H4y2MHVMsdc2', 'GnXQRditS1vR16g8P6toNHAYb99i7PNcV4LZ88WrURwy', '5BFUvsXwYeVL8fS7oyxBCfUouVzzEhwqYyaNFvBPA9AY', 5, 1664961237448034261, 'nf-payments.near', 'c8aec00e608c785a85a7bee21a22fcc06aa442350f5b6fa41fc65cf6b8891ba6', 'ACTION', '7ciBvqEAmGaYWcqBgAafRCf631M2Wy4jphjmt3ZBKT9H');
INSERT INTO receipts (receipt_id, included_in_block_hash, included_in_chunk_hash, index_in_chunk, included_in_block_timestamp, predecessor_account_id, receiver_account_id, receipt_kind, originated_from_transaction_hash) VALUES ('7hTwaquMPtHBPXQ444ejt32cwpozjwQvzvnmutTzvbNt', 'F97znLke3JsdviAEZTnXivUkECrCf9v2xUVWChh8Ed8t', '4x2ANH9xQBv5msXYYfUJYcoCQ3EeomWmtKwZDdCEgQd5', 4, 1664992092692593402, 'nf-payments.near', 'a0b86991c6218b36c1d19d4a2e9eb0ce3606eb48.factory.bridge.near', 'ACTION', 'g2i2QVbqeLAqqW4EMCxaRpdxtBCmYKi2L7TFMdA1VRK');
INSERT INTO receipts (receipt_id, included_in_block_hash, included_in_chunk_hash, index_in_chunk, included_in_block_timestamp, predecessor_account_id, receiver_account_id, receipt_kind, originated_from_transaction_hash) VALUES ('6z94QSk82AtbfW2dkA2dmGfkmhpFLQkCsUNeFMrwnCiW', 'EiXqKUnBZMc6orsWGyjRoCyN4gM16ArY3sGddKsQznfk', 'ByHAKNEkePxzawT1HgYL94tbe9Ln6m1UH3MgRgHudMq6', 2, 1664981434514734949, 'nf-payments.near', 'iosifv.near', 'ACTION', '9RM9gQXbDXrn78wYXWaEcrnfkjZqazXdZbEpAdphvaaA');
INSERT INTO receipts (receipt_id, included_in_block_hash, included_in_chunk_hash, index_in_chunk, included_in_block_timestamp, predecessor_account_id, receiver_account_id, receipt_kind, originated_from_transaction_hash) VALUES ('CAMBLJgVX5tfCYSGUw3DcN74opxAUAa5SXDTn2S4btYB', '2eQ1ZebGLWvVmtEVHYFmyAkRJJukobzhBZ198BBbyEJa', '7wWrxn4Qy4qukjDdm41mhyo5qAhLdTuDa4Wo5i1sRb2j', 1, 1664981461205750923, 'nf-payments.near', 'iosifv.near', 'ACTION', '3vqwtcf3R1xWZmNJikiuWZzQDEjhhptZxuNFMXP8D4di');
INSERT INTO receipts (receipt_id, included_in_block_hash, included_in_chunk_hash, index_in_chunk, included_in_block_timestamp, predecessor_account_id, receiver_account_id, receipt_kind, originated_from_transaction_hash) VALUES ('5wQqDp2uWjmEpZA4jUBme9ZzLYz8muYBm8k169bRXP64', '9t9PPfEb9gHvisMWdVHmLWussvCs27Yj2AkJYQZZQFSs', 'H9xVRRnvfR1VEbVKQzhJUWJ7nHJH778G18M6TDV5M11H', 2, 1664961079340576449, 'nf-payments.near', 'piggins.near', 'ACTION', '9Wh28jmkrvR8tZ21KjjJXkq3oAup1kMrwsRZqAoCyER4');
INSERT INTO receipts (receipt_id, included_in_block_hash, included_in_chunk_hash, index_in_chunk, included_in_block_timestamp, predecessor_account_id, receiver_account_id, receipt_kind, originated_from_transaction_hash) VALUES ('EThmTa5jX1eDtt8BUeV7JQz14uBxexc7BpVXDDDPBWQQ', '6UFWBJVPikWBJWfoFL6MLYYQ9Bmiehb6j1Tj8tutXywt', '6ERjSRvfsbDyPCqA7EYnaGqSKREtWwYpvVJ95MXjaNNh', 2, 1664982378989049052, 'nf-payments.near', 'banyancollective.near', 'ACTION', '6MUJAkUB9acN1GVX92XvrNgtUseZnpNU8P9QWUv2Fqkx');
INSERT INTO receipts (receipt_id, included_in_block_hash, included_in_chunk_hash, index_in_chunk, included_in_block_timestamp, predecessor_account_id, receiver_account_id, receipt_kind, originated_from_transaction_hash) VALUES ('C2QZiiNVBg2ZHDTiD8WNxz8Srp79W4ZSms5wZWEvdvso', 'eUDJ44GF6GA5bbLZefh2sPcb3xkNdDhXzGFG7v6bLyb', 'FhzRdtUp1cX7F4yNpwhUTKC7HLdfARUMeyAmFdxFj8YJ', 7, 1664957159669116342, 'nf-payments.near', 'a0b86991c6218b36c1d19d4a2e9eb0ce3606eb48.factory.bridge.near', 'ACTION', 'HBpSCbdzkWik8vMcPfm89i1c4an5gFcpAxfKFXTxmaCP');
INSERT INTO receipts (receipt_id, included_in_block_hash, included_in_chunk_hash, index_in_chunk, included_in_block_timestamp, predecessor_account_id, receiver_account_id, receipt_kind, originated_from_transaction_hash) VALUES ('51H4knS95D97Txi8K9E2KSz1ctAoXdhatNQwqkKCeCbW', 'HJ2vdGLQcAkA4FYCdkjxd47T7z5B4jTqMoyq5Xk36vDz', 'DCk2UW6HFk5JQafTD1pycjt6V9dNHfuxAtEdoifnqB3w', 0, 1664921115447484869, 'dapplets-project.near', 'nf-payments.near', 'ACTION', 'FEwtUcz8uiUMC6CRxtX4HE9TDiBStEmKvXezWCcnW1sL');
INSERT INTO receipts (receipt_id, included_in_block_hash, included_in_chunk_hash, index_in_chunk, included_in_block_timestamp, predecessor_account_id, receiver_account_id, receipt_kind, originated_from_transaction_hash) VALUES ('nbDTqudaKDJhVGsnExyqPQE7iatXyeFDeE9hWtB1AE4', '2sG6xHQKu7NVkTtZ9Aw3T8UMa5EkxremVFpggiqKUwNK', 'Ci1wB4rDgKzSWKhP7W21goCQQsQJSwz9nSots8RQLpLk', 4, 1664953561785434866, 'alipapa.near', 'nf-payments.near', 'ACTION', '3upmFK2CB7VaYQ4aMoMB2pC5nkxXv9y5vRdHWjmGraju');
INSERT INTO receipts (receipt_id, included_in_block_hash, included_in_chunk_hash, index_in_chunk, included_in_block_timestamp, predecessor_account_id, receiver_account_id, receipt_kind, originated_from_transaction_hash) VALUES ('9Pto497rgbbas2mjZzcQutYq3LXM7vHVvETb5kicmhvB', 'f4Ce6HPCYoDigM2rc7y79VjYMy55FadW3CRep7jqoqH', '53WRhJVFLemw477qrK9zSrziDsCsC9RPfuzDoAi6qdtY', 5, 1664987630162659611, 'nf-payments.near', 'ae57aa15dbb168f55ef76e591f739b37cae96d8072c3048dd22baa82c11b30e4', 'ACTION', 'EvUvPUGaH4qiRZbvfGjxmxGCTzxC5sRXLK2ea6bCnmhc');
INSERT INTO receipts (receipt_id, included_in_block_hash, included_in_chunk_hash, index_in_chunk, included_in_block_timestamp, predecessor_account_id, receiver_account_id, receipt_kind, originated_from_transaction_hash) VALUES ('4DxGrqNbGDn3y1pppeNbkZYe6CiNoPtD2tdfHQiysbzP', '7LGP6LEWMwUgayrqgr13A5KJQnzqh91yYzVgdtFo3Vy3', '6FErufnDCCWUdFutZ2jvWcAHFfMqQ7NHyPztMnYPWzYA', 2, 1664961308432936073, 'nf-payments.near', 'c8aec00e608c785a85a7bee21a22fcc06aa442350f5b6fa41fc65cf6b8891ba6', 'ACTION', 'AVt7xkpnv3erFaP16TZsaGNzMT5rGgN41xmvvR6BEqau');
INSERT INTO receipts (receipt_id, included_in_block_hash, included_in_chunk_hash, index_in_chunk, included_in_block_timestamp, predecessor_account_id, receiver_account_id, receipt_kind, originated_from_transaction_hash) VALUES ('7NqgnyPa5dAevuCTF2AEfihgdsEWoNJGKEHYWCcQejXs', '2woYK4rMXbB9vCfahGnenDQ3mdna8uoaXY65oHedSWjU', '2JED1JthDS65NgNFfuR7Ld59MfNjqm7JDnWZJmE2Vsbe', 7, 1664896356075671047, 'nf-payments.near', 'retax.near', 'ACTION', 'CZmao3BjFyPwoZMxaHckF22QXm1jYVGCcJmNKiB85AGh');
INSERT INTO receipts (receipt_id, included_in_block_hash, included_in_chunk_hash, index_in_chunk, included_in_block_timestamp, predecessor_account_id, receiver_account_id, receipt_kind, originated_from_transaction_hash) VALUES ('9oavnoHQiN2fqoR6M7CPbpKhBbKkEHTG15tdWahiihk7', 'BTwe4kYqbEMohoBErsTEfwqXPAUjrZLAZ3QHe2LBHXea', '8A9mtXTAmcVJSRmkSwkkPwd8fz4eMAtJPjN3HKF5DiXt', 4, 1664976224301548033, 'nf-payments.near', 'a0b86991c6218b36c1d19d4a2e9eb0ce3606eb48.factory.bridge.near', 'ACTION', 'Hpdq5oSYKkpyYHs2C4aFiDbyuYcM6Uuy7sFUZaVdUgLi');
INSERT INTO receipts (receipt_id, included_in_block_hash, included_in_chunk_hash, index_in_chunk, included_in_block_timestamp, predecessor_account_id, receiver_account_id, receipt_kind, originated_from_transaction_hash) VALUES ('4Y6GzsYz9QnKcXsLjvbjbNyTHdJdzX8axcvUJqBMAcfv', 'EkyTfff8e738UwHu9MqXBJxcXicjjxMEGZcxDM4vBqKw', 'C4rHrFkcyNAY3vPHQ58BmJNMtGz1GtKMRMJptZAV73hj', 0, 1664958834166737971, 'nf-payments.near', 'retax.near', 'ACTION', '8P8p9YrGomnJB6EwhJhGtaJc5zQNfmxMV6bogjo1pz1Y');

INSERT INTO transaction_actions (transaction_hash, index_in_transaction, action_kind, args) VALUES ('DdgdxTGua8HfWg4AGy77Rb8a5tyG5JwfXuGiV7zxbhuo', 0, 'FUNCTION_CALL', '{"gas": 15000000000000, "deposit": "1", "args_json": {"amount": "2500000000", "receiver_id": "donny.near"}, "args_base64": "eyJhbW91bnQiOiIyNTAwMDAwMDAwIiwicmVjZWl2ZXJfaWQiOiJkb25ueS5uZWFyIn0=", "method_name": "ft_transfer"}');
INSERT INTO transaction_actions (transaction_hash, index_in_transaction, action_kind, args) VALUES ('HivQc1gQfvLmyiyAKwvL4AxvnSn9Y4dnWqKBhsBnpShh', 0, 'TRANSFER', '{"deposit": "100000000000000000000000000"}');
INSERT INTO transaction_actions (transaction_hash, index_in_transaction, action_kind, args) VALUES ('F1V3VRcuDsypkmHCdqMvFrLrGK24TG8UNswPNkMgQA4v', 0, 'TRANSFER', '{"deposit": "68000000000000000000000000"}');
INSERT INTO transaction_actions (transaction_hash, index_in_transaction, action_kind, args) VALUES ('3x1CTJmK5ea31xCbwpqVY21Vv2m9TPBc6Hqzg72Qs47H', 0, 'TRANSFER', '{"deposit": "100000000000000000000000000"}');
INSERT INTO transaction_actions (transaction_hash, index_in_transaction, action_kind, args) VALUES ('Bfq6B4ipFcCHkKnbsooLiFykFXdSoaEKCgedJCHDcH7C', 0, 'FUNCTION_CALL', '{"gas": 15000000000000, "deposit": "1", "args_json": {"amount": "120000000000", "receiver_id": "banyancollective.near"}, "args_base64": "eyJhbW91bnQiOiIxMjAwMDAwMDAwMDAiLCJyZWNlaXZlcl9pZCI6ImJhbnlhbmNvbGxlY3RpdmUubmVhciJ9", "method_name": "ft_transfer"}');
INSERT INTO transaction_actions (transaction_hash, index_in_transaction, action_kind, args) VALUES ('3L9WjpFmm11g9L5VW4JMZ4NSW3Czd5e2zmdQrkARW8jj', 0, 'TRANSFER', '{"deposit": "100000000000000000000000000"}');
INSERT INTO transaction_actions (transaction_hash, index_in_transaction, action_kind, args) VALUES ('7ciBvqEAmGaYWcqBgAafRCf631M2Wy4jphjmt3ZBKT9H', 0, 'TRANSFER', '{"deposit": "1000000000000000000000000"}');
INSERT INTO transaction_actions (transaction_hash, index_in_transaction, action_kind, args) VALUES ('g2i2QVbqeLAqqW4EMCxaRpdxtBCmYKi2L7TFMdA1VRK', 0, 'FUNCTION_CALL', '{"gas": 15000000000000, "deposit": "1", "args_json": {"amount": "25000000000", "receiver_id": "fayyr.near"}, "args_base64": "eyJhbW91bnQiOiIyNTAwMDAwMDAwMCIsInJlY2VpdmVyX2lkIjoiZmF5eXIubmVhciJ9", "method_name": "ft_transfer"}');
INSERT INTO transaction_actions (transaction_hash, index_in_transaction, action_kind, args) VALUES ('9RM9gQXbDXrn78wYXWaEcrnfkjZqazXdZbEpAdphvaaA', 0, 'TRANSFER', '{"deposit": "1000000000000000000000000"}');
INSERT INTO transaction_actions (transaction_hash, index_in_transaction, action_kind, args) VALUES ('3vqwtcf3R1xWZmNJikiuWZzQDEjhhptZxuNFMXP8D4di', 0, 'TRANSFER', '{"deposit": "1000000000000000000000000"}');
INSERT INTO transaction_actions (transaction_hash, index_in_transaction, action_kind, args) VALUES ('9Wh28jmkrvR8tZ21KjjJXkq3oAup1kMrwsRZqAoCyER4', 0, 'TRANSFER', '{"deposit": "100000000000000000000000000"}');
INSERT INTO transaction_actions (transaction_hash, index_in_transaction, action_kind, args) VALUES ('6MUJAkUB9acN1GVX92XvrNgtUseZnpNU8P9QWUv2Fqkx', 0, 'TRANSFER', '{"deposit": "500000000000000000000000"}');
INSERT INTO transaction_actions (transaction_hash, index_in_transaction, action_kind, args) VALUES ('HBpSCbdzkWik8vMcPfm89i1c4an5gFcpAxfKFXTxmaCP', 0, 'FUNCTION_CALL', '{"gas": 15000000000000, "deposit": "1", "args_json": {"amount": "1300000", "receiver_id": "banyancollective.near"}, "args_base64": "eyJhbW91bnQiOiIxMzAwMDAwIiwicmVjZWl2ZXJfaWQiOiJiYW55YW5jb2xsZWN0aXZlLm5lYXIifQ==", "method_name": "ft_transfer"}');
INSERT INTO transaction_actions (transaction_hash, index_in_transaction, action_kind, args) VALUES ('FEwtUcz8uiUMC6CRxtX4HE9TDiBStEmKvXezWCcnW1sL', 0, 'TRANSFER', '{"deposit": "68000000000000000000000000"}');
INSERT INTO transaction_actions (transaction_hash, index_in_transaction, action_kind, args) VALUES ('3upmFK2CB7VaYQ4aMoMB2pC5nkxXv9y5vRdHWjmGraju', 0, 'TRANSFER', '{"deposit": "68000000000000000000000000"}');
INSERT INTO transaction_actions (transaction_hash, index_in_transaction, action_kind, args) VALUES ('EvUvPUGaH4qiRZbvfGjxmxGCTzxC5sRXLK2ea6bCnmhc', 0, 'TRANSFER', '{"deposit": "82900000000000000000000000"}');
INSERT INTO transaction_actions (transaction_hash, index_in_transaction, action_kind, args) VALUES ('AVt7xkpnv3erFaP16TZsaGNzMT5rGgN41xmvvR6BEqau', 0, 'TRANSFER', '{"deposit": "1000000000000000000000000"}');
INSERT INTO transaction_actions (transaction_hash, index_in_transaction, action_kind, args) VALUES ('CZmao3BjFyPwoZMxaHckF22QXm1jYVGCcJmNKiB85AGh', 0, 'TRANSFER', '{"deposit": "500000000000000000000000"}');
INSERT INTO transaction_actions (transaction_hash, index_in_transaction, action_kind, args) VALUES ('Hpdq5oSYKkpyYHs2C4aFiDbyuYcM6Uuy7sFUZaVdUgLi', 0, 'FUNCTION_CALL', '{"gas": 15000000000000, "deposit": "1", "args_json": {"amount": "500000", "receiver_id": "fayyr.near"}, "args_base64": "eyJhbW91bnQiOiI1MDAwMDAiLCJyZWNlaXZlcl9pZCI6ImZheXlyLm5lYXIifQ==", "method_name": "ft_transfer"}');
INSERT INTO transaction_actions (transaction_hash, index_in_transaction, action_kind, args) VALUES ('8P8p9YrGomnJB6EwhJhGtaJc5zQNfmxMV6bogjo1pz1Y', 0, 'TRANSFER', '{"deposit": "307700000000000000000000000"}');

INSERT INTO transactions (transaction_hash, included_in_block_hash, included_in_chunk_hash, index_in_chunk, block_timestamp, signer_account_id, signer_key, nonce, receiver_account_id, signature, status, converted_into_receipt_id, receipt_conversion_gas_burnt, receipt_conversion_tokens_burnt) VALUES ('DdgdxTGua8HfWg4AGy77Rb8a5tyG5JwfXuGiV7zxbhuo', 'J1Hpj1VnPz7Wv4vorP6RdBoyEi78Dw7SzDsR3wN1dksL', 'BdNJQc8kwWrF6RWM7SuMwDRH5mngpVde3pUVKBTevnAp', 0, 1664998927322219715, 'nf-payments.near', 'ed25519:7i4mKFA7qVs6HWhUmdk5rDoNDVkxZ8ZzvN6X1QGvHNoM', 49510257003092, 'a0b86991c6218b36c1d19d4a2e9eb0ce3606eb48.factory.bridge.near', 'ed25519:65bueuZqdofCSAvPpcuqq1NPZa3vTdq7mNhY5Wvcv9TyLQVqzPj41VhcwhFrNofv36NizzLxqBbVxAAHd5S76tAF', 'SUCCESS_RECEIPT_ID', 'jmi1hxByNRvS5N3H4bkGq8q8yMn1G65buEriV5Rbnuv', 2428057391974, 242805739197400000000);
INSERT INTO transactions (transaction_hash, included_in_block_hash, included_in_chunk_hash, index_in_chunk, block_timestamp, signer_account_id, signer_key, nonce, receiver_account_id, signature, status, converted_into_receipt_id, receipt_conversion_gas_burnt, receipt_conversion_tokens_burnt) VALUES ('HivQc1gQfvLmyiyAKwvL4AxvnSn9Y4dnWqKBhsBnpShh', 'D1cm2uFjmcY4zUJkcM9MiX2KWiqsUa6cD8c469DMkCqt', '4AfU7bQJFDPu7h76dXV9ZsLeasq5Lrjj9HBxPohdGiRM', 1, 1664971262850564023, 'nf-payments.near', 'ed25519:7i4mKFA7qVs6HWhUmdk5rDoNDVkxZ8ZzvN6X1QGvHNoM', 49510257003083, 'cindytest.near', 'ed25519:4rn4dncWC9MnnRtGtFAQbsEKvCpyrojvDHYh9rTSVnNabWcAGUWDrDmETK1uwwKgiExW117kp2q3ZoVm3F5pHEHe', 'SUCCESS_RECEIPT_ID', 'EDtQBo1t1Zrc1zHpA9Vioy7SAnaUAiCC1J8fhTYJgfrg', 223182562500, 22318256250000000000);
INSERT INTO transactions (transaction_hash, included_in_block_hash, included_in_chunk_hash, index_in_chunk, block_timestamp, signer_account_id, signer_key, nonce, receiver_account_id, signature, status, converted_into_receipt_id, receipt_conversion_gas_burnt, receipt_conversion_tokens_burnt) VALUES ('F1V3VRcuDsypkmHCdqMvFrLrGK24TG8UNswPNkMgQA4v', '8Pgi6TC4gztboSYaM8iDha5JrfBxdQVWLukphkm5wYw2', 'G8Uwx9jBYTHfsP1kSJ363sZXj8TAkZ3mGvd9s6zYabS3', 1, 1664956547405979855, 'oskarlee.near', 'ed25519:4ETGF4k4qA26VUwKbRcVkjH5rsNGjyBogU5X69aUCTSK', 67149420000255, 'nf-payments.near', 'ed25519:4K35YagjuoxjW5eaREgJ5ViAkNEa9cfsHpsbuPhTEh25cKQundM5wKtKAoGR4pGm3ytyYSEhh7vLt3AvvpEXErg7', 'SUCCESS_RECEIPT_ID', 'AxuaBi9zX3bZdXguvFHjbbbVubg5mfCwrH1tsyMhn8rR', 223182562500, 22318256250000000000);
INSERT INTO transactions (transaction_hash, included_in_block_hash, included_in_chunk_hash, index_in_chunk, block_timestamp, signer_account_id, signer_key, nonce, receiver_account_id, signature, status, converted_into_receipt_id, receipt_conversion_gas_burnt, receipt_conversion_tokens_burnt) VALUES ('3x1CTJmK5ea31xCbwpqVY21Vv2m9TPBc6Hqzg72Qs47H', 'GbieLSRRjDYVPyED9vpwyerYwAtjC5Xf6fXH561AaEx9', '7PXTzzeXyQU359XcfHGkrHh4CxLKDpfR61qWK3UxgmeF', 15, 1664960737707757627, 'nf-payments.near', 'ed25519:7i4mKFA7qVs6HWhUmdk5rDoNDVkxZ8ZzvN6X1QGvHNoM', 49510257003079, 'cindylam8ch.near', 'ed25519:2sbf6UNtDJqvNonJM9mRmRXfc9H39k4N8sE2DSCgYLMCVaAhoepfWBMH2etViJvYcp9PEjCJ8WUasPQfhbxPaHe1', 'SUCCESS_RECEIPT_ID', '2PqHbACuQAZ7FJdJNgJ5N3mAuk3cSQvETCP1wMSGX68w', 223182562500, 22318256250000000000);
INSERT INTO transactions (transaction_hash, included_in_block_hash, included_in_chunk_hash, index_in_chunk, block_timestamp, signer_account_id, signer_key, nonce, receiver_account_id, signature, status, converted_into_receipt_id, receipt_conversion_gas_burnt, receipt_conversion_tokens_burnt) VALUES ('Bfq6B4ipFcCHkKnbsooLiFykFXdSoaEKCgedJCHDcH7C', '7BbNb8yUPUY5gtk7FUNVKLVDCCbT1evG3L4HyWBevvkw', '3obgywm3piMekvpz5RVCt4VH1KpFgbbdFPjSUB9T9C5U', 3, 1664986798187552656, 'nf-payments.near', 'ed25519:7i4mKFA7qVs6HWhUmdk5rDoNDVkxZ8ZzvN6X1QGvHNoM', 49510257003089, 'a0b86991c6218b36c1d19d4a2e9eb0ce3606eb48.factory.bridge.near', 'ed25519:4dPcr6vnJg5nYmtbF2R8Wh3a44WpqdoVmxV1TJ4BZkU7EFPJzpt2QiZccUPpXdB8SiCkBxjw67nR26ZRgHDiS6yg', 'SUCCESS_RECEIPT_ID', '3nXjcQHG27c5Rjz5fGgjjaJqdZT8JerqX7gMkzcVQeCg', 2428086459116, 242808645911600000000);
INSERT INTO transactions (transaction_hash, included_in_block_hash, included_in_chunk_hash, index_in_chunk, block_timestamp, signer_account_id, signer_key, nonce, receiver_account_id, signature, status, converted_into_receipt_id, receipt_conversion_gas_burnt, receipt_conversion_tokens_burnt) VALUES ('3L9WjpFmm11g9L5VW4JMZ4NSW3Czd5e2zmdQrkARW8jj', '6NLrGSqjbAG5nB7tFvRo2EAS3n4mRiHWi88p4j929zim', '8xEkbUpPzdcAfF2ZXRNfrYnicAUPcbeqS3o8bRdnAAqJ', 0, 1664982094788032305, 'nf-payments.near', 'ed25519:7i4mKFA7qVs6HWhUmdk5rDoNDVkxZ8ZzvN6X1QGvHNoM', 49510257003087, 'arlequin.near', 'ed25519:2Q1TCk9tnfeDWWxzYveFvWo5GJRcMcamFvd4wLhZCzTdKRf2ZkwYMweyACfLrM7itAwLpFB88iLo7FDWgFwdoNgF', 'SUCCESS_RECEIPT_ID', 'mNiFMaR5uRympFTm2jmr4qG8zKTuEint4anJY3WwKy7', 223182562500, 22318256250000000000);
INSERT INTO transactions (transaction_hash, included_in_block_hash, included_in_chunk_hash, index_in_chunk, block_timestamp, signer_account_id, signer_key, nonce, receiver_account_id, signature, status, converted_into_receipt_id, receipt_conversion_gas_burnt, receipt_conversion_tokens_burnt) VALUES ('7ciBvqEAmGaYWcqBgAafRCf631M2Wy4jphjmt3ZBKT9H', '6U6fxT6Txcs8t7k5dbTnPWP74zzgbfv9nYUWBGrVSNrC', 'HqwpDHruqfgToNabvDWHu2QuiNWTdhBLYSiiy4GxNX6p', 3, 1664961236146401835, 'nf-payments.near', 'ed25519:7i4mKFA7qVs6HWhUmdk5rDoNDVkxZ8ZzvN6X1QGvHNoM', 49510257003081, 'c8aec00e608c785a85a7bee21a22fcc06aa442350f5b6fa41fc65cf6b8891ba6', 'ed25519:5PivSjDQMVkyocMUhxQGS3qLeNhQpcMKhhoD886V2bzHsya82kTwJWiptur2oi8VV98Cz9Kym3KEfrdL3FAzNXXB', 'SUCCESS_RECEIPT_ID', 'ER88Cp3LBAZhLp5CTcsQnZykr7JAuHZ1H4y2MHVMsdc2', 424555062500, 42455506250000000000);
INSERT INTO transactions (transaction_hash, included_in_block_hash, included_in_chunk_hash, index_in_chunk, block_timestamp, signer_account_id, signer_key, nonce, receiver_account_id, signature, status, converted_into_receipt_id, receipt_conversion_gas_burnt, receipt_conversion_tokens_burnt) VALUES ('g2i2QVbqeLAqqW4EMCxaRpdxtBCmYKi2L7TFMdA1VRK', 'BEP3HUGGc8z6XdYeem3aqbtKV6czd82zpDEc1UYQ9o1k', 'HvtZYdCvPnDWTVriHkjUa45RLSwp2on95dLtNsRgxfD5', 4, 1664992091730147825, 'nf-payments.near', 'ed25519:7i4mKFA7qVs6HWhUmdk5rDoNDVkxZ8ZzvN6X1QGvHNoM', 49510257003091, 'a0b86991c6218b36c1d19d4a2e9eb0ce3606eb48.factory.bridge.near', 'ed25519:5A35FSANME4GrzjwV5UzxtRsBzxPbNB5oRvzL3MJ7qYqiDRJQkyiUbx91SZRKRjxtxyMQj3a7aJgiamAcR4AY1Ub', 'SUCCESS_RECEIPT_ID', '7hTwaquMPtHBPXQ444ejt32cwpozjwQvzvnmutTzvbNt', 2428059627908, 242805962790800000000);
INSERT INTO transactions (transaction_hash, included_in_block_hash, included_in_chunk_hash, index_in_chunk, block_timestamp, signer_account_id, signer_key, nonce, receiver_account_id, signature, status, converted_into_receipt_id, receipt_conversion_gas_burnt, receipt_conversion_tokens_burnt) VALUES ('9RM9gQXbDXrn78wYXWaEcrnfkjZqazXdZbEpAdphvaaA', 'DieJembYXmLbRswtT7y4UU3ctK7cWCmmB89zv5az1zLe', 'BtspwaL2fcMULrhnbGckntVGSDJzSJafdn4w7JmR3Wbv', 2, 1664981433714294506, 'nf-payments.near', 'ed25519:7i4mKFA7qVs6HWhUmdk5rDoNDVkxZ8ZzvN6X1QGvHNoM', 49510257003085, 'iosifv.near', 'ed25519:2VyY3zFopgXHK12jWiTAobhniD6K3gEne3vizXbRNSctV5K1Dd4GBgu7pJzTnuVmshjmrnh5kh1Wz8PacQPA6nnk', 'SUCCESS_RECEIPT_ID', '6z94QSk82AtbfW2dkA2dmGfkmhpFLQkCsUNeFMrwnCiW', 223182562500, 22318256250000000000);
INSERT INTO transactions (transaction_hash, included_in_block_hash, included_in_chunk_hash, index_in_chunk, block_timestamp, signer_account_id, signer_key, nonce, receiver_account_id, signature, status, converted_into_receipt_id, receipt_conversion_gas_burnt, receipt_conversion_tokens_burnt) VALUES ('3vqwtcf3R1xWZmNJikiuWZzQDEjhhptZxuNFMXP8D4di', 'EBXJ9w22pX4B7bUWk6sdx4yr6tz53Hr5j1aVpDyWqYwb', 'G4HjKb7kRvXaYs7mPTE1UPXMxdGLyMY8NLiGhNN5zy45', 1, 1664981459918341137, 'nf-payments.near', 'ed25519:7i4mKFA7qVs6HWhUmdk5rDoNDVkxZ8ZzvN6X1QGvHNoM', 49510257003086, 'iosifv.near', 'ed25519:dsw4b6V8rykGFrUGoZqA8dYQu3mydsabZgq3nh5jc37Ef7oFFH2b8kTkdZ1BPViDFogPmVRWghtU416EqtzoanJ', 'SUCCESS_RECEIPT_ID', 'CAMBLJgVX5tfCYSGUw3DcN74opxAUAa5SXDTn2S4btYB', 223182562500, 22318256250000000000);
INSERT INTO transactions (transaction_hash, included_in_block_hash, included_in_chunk_hash, index_in_chunk, block_timestamp, signer_account_id, signer_key, nonce, receiver_account_id, signature, status, converted_into_receipt_id, receipt_conversion_gas_burnt, receipt_conversion_tokens_burnt) VALUES ('9Wh28jmkrvR8tZ21KjjJXkq3oAup1kMrwsRZqAoCyER4', 'DXE3meaBY7cqFknsErbfGdN79w6m9aLW7EogaPZb9zTo', '5D9ZCKpq5a4x4bEtyGCfPK6oEanw8z5bskuT62HW9J81', 2, 1664961078143782951, 'nf-payments.near', 'ed25519:7i4mKFA7qVs6HWhUmdk5rDoNDVkxZ8ZzvN6X1QGvHNoM', 49510257003080, 'piggins.near', 'ed25519:LTYPzxv76cksc5XjAQCVRqxe4qYnio1UNuUtWN81UDUvDVA3zAUA8wKLYQx1rtSYvKtf6h3BZGJqeYcjPYhneVK', 'SUCCESS_RECEIPT_ID', '5wQqDp2uWjmEpZA4jUBme9ZzLYz8muYBm8k169bRXP64', 223182562500, 22318256250000000000);
INSERT INTO transactions (transaction_hash, included_in_block_hash, included_in_chunk_hash, index_in_chunk, block_timestamp, signer_account_id, signer_key, nonce, receiver_account_id, signature, status, converted_into_receipt_id, receipt_conversion_gas_burnt, receipt_conversion_tokens_burnt) VALUES ('6MUJAkUB9acN1GVX92XvrNgtUseZnpNU8P9QWUv2Fqkx', 'BXzFC1Bcrbf4BWD52MSpBt11JjHZbxcxMeSxJZcweo2q', '2qNZLxrEnm7cgCGYkmLQeFwRKmnjqScM98KuFrJ6HhQG', 2, 1664982377639593536, 'nf-payments.near', 'ed25519:7i4mKFA7qVs6HWhUmdk5rDoNDVkxZ8ZzvN6X1QGvHNoM', 49510257003088, 'banyancollective.near', 'ed25519:4K7mDXHDNJhuDPvfh7tkP7i3FFd5FnGpMsAuJgA6yYDeKsJoNzAsSrEEPewLju3KMtaJVEK651ovrpEAhECvEdeX', 'SUCCESS_RECEIPT_ID', 'EThmTa5jX1eDtt8BUeV7JQz14uBxexc7BpVXDDDPBWQQ', 223182562500, 22318256250000000000);
INSERT INTO transactions (transaction_hash, included_in_block_hash, included_in_chunk_hash, index_in_chunk, block_timestamp, signer_account_id, signer_key, nonce, receiver_account_id, signature, status, converted_into_receipt_id, receipt_conversion_gas_burnt, receipt_conversion_tokens_burnt) VALUES ('HBpSCbdzkWik8vMcPfm89i1c4an5gFcpAxfKFXTxmaCP', '36HusEHZ29A7mjWMtwTPCCnxNRtMBL3vqMQsW8FZhPSD', 'GjshgvsxpMAwVa6Tw7MwDNsRAixqyJaiapokVi9iXQ4c', 7, 1664957158395429530, 'nf-payments.near', 'ed25519:7i4mKFA7qVs6HWhUmdk5rDoNDVkxZ8ZzvN6X1QGvHNoM', 49510257003077, 'a0b86991c6218b36c1d19d4a2e9eb0ce3606eb48.factory.bridge.near', 'ed25519:2oahH97uK868x7nA8BWBYDcEZbU3EbsHVAAY5z2FnXcWRwXte61fGRdK4QDyB3H4tcZxJ43Kx1WHm2Y7FVk1wYnf', 'SUCCESS_RECEIPT_ID', 'C2QZiiNVBg2ZHDTiD8WNxz8Srp79W4ZSms5wZWEvdvso', 2428075279446, 242807527944600000000);
INSERT INTO transactions (transaction_hash, included_in_block_hash, included_in_chunk_hash, index_in_chunk, block_timestamp, signer_account_id, signer_key, nonce, receiver_account_id, signature, status, converted_into_receipt_id, receipt_conversion_gas_burnt, receipt_conversion_tokens_burnt) VALUES ('FEwtUcz8uiUMC6CRxtX4HE9TDiBStEmKvXezWCcnW1sL', '2s5bbKPek4yR28SjhdnkUuQ5tF4fhkPT4t8UJ5Li4f38', '3YKUUNWPidbF3xt5LYAEgNiNZoiWucMACiW9sFSbtDor', 0, 1664921114060720666, 'dapplets-project.near', 'ed25519:7WwWiJiJNU42CnRZCkSUGPbhxo56qi7qsGrgGWwCpZRh', 10, 'nf-payments.near', 'ed25519:B3gHuD8UG3oB6CemQfno2cEytEtH6oF2JRaKAyaQkByKf2zTzFsPoFsTYwp9cvHow7ARkxbwCnJzFnXAsXXyvF2', 'SUCCESS_RECEIPT_ID', '51H4knS95D97Txi8K9E2KSz1ctAoXdhatNQwqkKCeCbW', 223182562500, 22318256250000000000);
INSERT INTO transactions (transaction_hash, included_in_block_hash, included_in_chunk_hash, index_in_chunk, block_timestamp, signer_account_id, signer_key, nonce, receiver_account_id, signature, status, converted_into_receipt_id, receipt_conversion_gas_burnt, receipt_conversion_tokens_burnt) VALUES ('3upmFK2CB7VaYQ4aMoMB2pC5nkxXv9y5vRdHWjmGraju', 'H7r5Cd3inP8kgwgsrfCUWKqm6WfqBbJP8U2SznuzHaMp', 'B9ViTuYmGsK6ehxSJYgCqMiCWVWygwSeg53y2sm6wCcW', 3, 1664953560353266214, 'alipapa.near', 'ed25519:B5nYqRTEBtL2Msrwu1UnPYwxJ3eXuu35ZtPjCVFTFvs7', 56289471000093, 'nf-payments.near', 'ed25519:4uUaaxqPdDYjtkgjCZKmveTES9HV1MqeX4u46z3efPzApRxdiHPNcFkYaodhnFXaD7E3GxxGua4YTvLzgPAFXFgG', 'SUCCESS_RECEIPT_ID', 'nbDTqudaKDJhVGsnExyqPQE7iatXyeFDeE9hWtB1AE4', 223182562500, 22318256250000000000);
INSERT INTO transactions (transaction_hash, included_in_block_hash, included_in_chunk_hash, index_in_chunk, block_timestamp, signer_account_id, signer_key, nonce, receiver_account_id, signature, status, converted_into_receipt_id, receipt_conversion_gas_burnt, receipt_conversion_tokens_burnt) VALUES ('EvUvPUGaH4qiRZbvfGjxmxGCTzxC5sRXLK2ea6bCnmhc', '6mRKDQKmgTkpKt4AvM4bZCYAnmeDsWczBJyQ8J1ufURa', 'HpJtdRMAmmb8j38GNfwLEY2XUuMdD17XLpq9yuUS7Zky', 6, 1664987628817743849, 'nf-payments.near', 'ed25519:7i4mKFA7qVs6HWhUmdk5rDoNDVkxZ8ZzvN6X1QGvHNoM', 49510257003090, 'ae57aa15dbb168f55ef76e591f739b37cae96d8072c3048dd22baa82c11b30e4', 'ed25519:4YAnNDou3DVKdeZnKNgtvYUMJLcX1Ea2sfoYF7HrSXvCUim4DbGwqhW12o26BtmaEoo7t1a4bDVUtqPUWSoiYHq5', 'SUCCESS_RECEIPT_ID', '9Pto497rgbbas2mjZzcQutYq3LXM7vHVvETb5kicmhvB', 424555062500, 42455506250000000000);
INSERT INTO transactions (transaction_hash, included_in_block_hash, included_in_chunk_hash, index_in_chunk, block_timestamp, signer_account_id, signer_key, nonce, receiver_account_id, signature, status, converted_into_receipt_id, receipt_conversion_gas_burnt, receipt_conversion_tokens_burnt) VALUES ('AVt7xkpnv3erFaP16TZsaGNzMT5rGgN41xmvvR6BEqau', 'TvEkKdvJfBgN5i533DdoUSHKJp4DHNDT9WhYwZELnnM', 'HRkGrEQ4scJzFX5RsFtyzAH3RbxtHtUwGxukdUx5ySFR', 2, 1664961307141907320, 'nf-payments.near', 'ed25519:7i4mKFA7qVs6HWhUmdk5rDoNDVkxZ8ZzvN6X1QGvHNoM', 49510257003082, 'c8aec00e608c785a85a7bee21a22fcc06aa442350f5b6fa41fc65cf6b8891ba6', 'ed25519:5DqxEC3LuwkQPKY6hLFFbuTKDZbHH7f2mb2hfBtKwyw26M9iMH5piUqhdPjhPb1RDf9yhMQZ32XHzKiDGSWo3nCg', 'SUCCESS_RECEIPT_ID', '4DxGrqNbGDn3y1pppeNbkZYe6CiNoPtD2tdfHQiysbzP', 424555062500, 42455506250000000000);
INSERT INTO transactions (transaction_hash, included_in_block_hash, included_in_chunk_hash, index_in_chunk, block_timestamp, signer_account_id, signer_key, nonce, receiver_account_id, signature, status, converted_into_receipt_id, receipt_conversion_gas_burnt, receipt_conversion_tokens_burnt) VALUES ('CZmao3BjFyPwoZMxaHckF22QXm1jYVGCcJmNKiB85AGh', 'CbPL5gjgnNmvMyrAgM3Wnss664zZwWRx8qSaXRhAH1uR', '24HBJR9i9kNCYTe4XtfDvYjp3oHB5Ti6Ej9MmziWyDLS', 7, 1664896354978776977, 'nf-payments.near', 'ed25519:7i4mKFA7qVs6HWhUmdk5rDoNDVkxZ8ZzvN6X1QGvHNoM', 49510257003076, 'retax.near', 'ed25519:3dv5QZLQ7nCHE1aZCZ5xi2JVndtJYYAxdTqvWAAUYCidPWc2uCYk8S9fuPd3fkfCEYYXKpySHRYsqQbSx9jQUvPh', 'SUCCESS_RECEIPT_ID', '7NqgnyPa5dAevuCTF2AEfihgdsEWoNJGKEHYWCcQejXs', 223182562500, 22318256250000000000);
INSERT INTO transactions (transaction_hash, included_in_block_hash, included_in_chunk_hash, index_in_chunk, block_timestamp, signer_account_id, signer_key, nonce, receiver_account_id, signature, status, converted_into_receipt_id, receipt_conversion_gas_burnt, receipt_conversion_tokens_burnt) VALUES ('Hpdq5oSYKkpyYHs2C4aFiDbyuYcM6Uuy7sFUZaVdUgLi', 'CzodDAQm6YE6BodHb2sw6GzgVrNEaKASqDMr2bMVPxsA', 'EPdkQFAXcPGxWj9tdBmUxLa3TFafTEAxsbGYgno164pr', 4, 1664976222996296017, 'nf-payments.near', 'ed25519:7i4mKFA7qVs6HWhUmdk5rDoNDVkxZ8ZzvN6X1QGvHNoM', 49510257003084, 'a0b86991c6218b36c1d19d4a2e9eb0ce3606eb48.factory.bridge.near', 'ed25519:F2mmRydnN6GgVyjqmvJjM3UTFeLW6xKwW3Uq8eq5EfPzpt2wDJ6gHJEryikFdoALdcRCGi25hk2WuTgJMu2XuXf', 'SUCCESS_RECEIPT_ID', '9oavnoHQiN2fqoR6M7CPbpKhBbKkEHTG15tdWahiihk7', 2428048448238, 242804844823800000000);
INSERT INTO transactions (transaction_hash, included_in_block_hash, included_in_chunk_hash, index_in_chunk, block_timestamp, signer_account_id, signer_key, nonce, receiver_account_id, signature, status, converted_into_receipt_id, receipt_conversion_gas_burnt, receipt_conversion_tokens_burnt) VALUES ('8P8p9YrGomnJB6EwhJhGtaJc5zQNfmxMV6bogjo1pz1Y', 'Boa6EAHpiKWNVXhRAqJXGT8m9DxtYUcopMeBTGDYW61', '2QL7qHprZpnwMhdXyqd9apRsCWefukS6boSGhsTbLUqE', 0, 1664958832874539043, 'nf-payments.near', 'ed25519:7i4mKFA7qVs6HWhUmdk5rDoNDVkxZ8ZzvN6X1QGvHNoM', 49510257003078, 'retax.near', 'ed25519:2UykJhEPHRorcPeRXKU99P7uFwaTkQ51oCr4n8uSEny3aLwjCBBQ8fhVA9gXS2sQsQTwTCaC8EugpTWUKBdkEAcY', 'SUCCESS_RECEIPT_ID', '4Y6GzsYz9QnKcXsLjvbjbNyTHdJdzX8axcvUJqBMAcfv', 223182562500, 22318256250000000000);
