
DROP TABLE IF EXISTS action_receipt_actions; CREATE TABLE action_receipt_actions (
    receipt_id text,
    index_in_action_receipt integer,
    action_kind text,
    args jsonb,
    receipt_predecessor_account_id text,
    receipt_receiver_account_id text,
    receipt_included_in_block_timestamp numeric(20,0)
);

DROP TABLE IF EXISTS blocks; CREATE TABLE blocks (
    block_height numeric(20,0),
    block_hash text,
    prev_block_hash text,
    block_timestamp numeric(20,0),
    total_supply numeric(45,0),
    gas_price numeric(45,0),
    author_account_id text
);

DROP TABLE IF EXISTS execution_outcomes; CREATE TABLE execution_outcomes (
    receipt_id text,
    executed_in_block_hash text,
    executed_in_block_timestamp numeric(20,0),
    index_in_chunk integer,
    gas_burnt numeric(20,0),
    tokens_burnt numeric(45,0),
    executor_account_id text,
    status text,
    shard_id numeric(20,0)
);

DROP TABLE IF EXISTS receipts; CREATE TABLE receipts (
    receipt_id text,
    included_in_block_hash text,
    included_in_chunk_hash text,
    index_in_chunk integer,
    included_in_block_timestamp numeric(20,0),
    predecessor_account_id text,
    receiver_account_id text,
    receipt_kind text,
    originated_from_transaction_hash text
);

DROP TABLE IF EXISTS transaction_actions; CREATE TABLE transaction_actions (
    transaction_hash text,
    index_in_transaction integer,
    action_kind text,
    args jsonb
);

DROP TABLE IF EXISTS transactions; CREATE TABLE transactions (
    transaction_hash text,
    included_in_block_hash text,
    included_in_chunk_hash text,
    index_in_chunk integer,
    block_timestamp numeric(20,0),
    signer_account_id text,
    signer_key text,
    nonce numeric(20,0),
    receiver_account_id text,
    signature text,
    status text,
    converted_into_receipt_id text,
    receipt_conversion_gas_burnt numeric(20,0),
    receipt_conversion_tokens_burnt numeric(45,0)
);

INSERT INTO action_receipt_actions (receipt_id, index_in_action_receipt, action_kind, args, receipt_predecessor_account_id, receipt_receiver_account_id, receipt_included_in_block_timestamp) VALUES ('6zvAVR5e3D1XkHVNXKG8aNxuv2uXFSRUXPhLV2UZuehb', 0, 'FUNCTION_CALL', '{"gas": 15000000000000, "deposit": "1", "args_json": {"amount": "17500000000", "receiver_id": "nf-payments2.near"}, "args_base64": "eyJhbW91bnQiOiIxNzUwMDAwMDAwMCIsInJlY2VpdmVyX2lkIjoibmYtcGF5bWVudHMyLm5lYXIifQ==", "method_name": "ft_transfer"}', 'nf-payments.near', 'a0b86991c6218b36c1d19d4a2e9eb0ce3606eb48.factory.bridge.near', 1659425577670677628);
INSERT INTO action_receipt_actions (receipt_id, index_in_action_receipt, action_kind, args, receipt_predecessor_account_id, receipt_receiver_account_id, receipt_included_in_block_timestamp) VALUES ('6US2dPJJFEPkomNUA1HKvnSRfEUBLGNkXJyEHVjLABNk', 0, 'FUNCTION_CALL', '{"gas": 100000000000000, "deposit": "1", "args_json": {"msg": "", "amount": "6329222", "receiver_id": "v2.ref-finance.near"}, "args_base64": "eyJyZWNlaXZlcl9pZCI6InYyLnJlZi1maW5hbmNlLm5lYXIiLCJhbW91bnQiOiI2MzI5MjIyIiwibXNnIjoiIn0=", "method_name": "ft_transfer_call"}', 'newafro.near', 'a0b86991c6218b36c1d19d4a2e9eb0ce3606eb48.factory.bridge.near', 1646394319975176472);
INSERT INTO action_receipt_actions (receipt_id, index_in_action_receipt, action_kind, args, receipt_predecessor_account_id, receipt_receiver_account_id, receipt_included_in_block_timestamp) VALUES ('HWdLXQ8sSB2xyv5v5jFwxkJxFdjydmqBC39xSjkAWZSH', 0, 'FUNCTION_CALL', '{"gas": 100000000000000, "deposit": "11280000000000000000000", "args_json": {"receiver_id": "newafro.near", "token_series_id": "288084"}, "args_base64": "eyJ0b2tlbl9zZXJpZXNfaWQiOiIyODgwODQiLCJyZWNlaXZlcl9pZCI6Im5ld2Fmcm8ubmVhciJ9", "method_name": "nft_buy"}', 'newafro.near', 'x.paras.near', 1646727972821253890);
INSERT INTO action_receipt_actions (receipt_id, index_in_action_receipt, action_kind, args, receipt_predecessor_account_id, receipt_receiver_account_id, receipt_included_in_block_timestamp) VALUES ('5bvHRdH9s1zk1sXuBsv4j16sLE4mqWo3DQxDzeBf4goQ', 0, 'FUNCTION_CALL', '{"gas": 300000000000000, "deposit": "0", "args_json": {"request_id": 38}, "args_base64": "eyJyZXF1ZXN0X2lkIjozOH0=", "method_name": "confirm"}', 'nfendowment03.near', 'nfendowment03.near', 1666881098583560038);
INSERT INTO action_receipt_actions (receipt_id, index_in_action_receipt, action_kind, args, receipt_predecessor_account_id, receipt_receiver_account_id, receipt_included_in_block_timestamp) VALUES ('KGjLkZ1jTvvfbYcDjS4Sr7vumrTGpwPM2nBbXSzhH71', 0, 'FUNCTION_CALL', '{"gas": 100000000000000, "deposit": "100000000000000000000000", "args_json": {"account_id": "newafro.near", "registration_only": true}, "args_base64": "eyJhY2NvdW50X2lkIjoibmV3YWZyby5uZWFyIiwicmVnaXN0cmF0aW9uX29ubHkiOnRydWV9", "method_name": "storage_deposit"}', 'newafro.near', 'token.v2.ref-finance.near', 1646395096488193483);
INSERT INTO action_receipt_actions (receipt_id, index_in_action_receipt, action_kind, args, receipt_predecessor_account_id, receipt_receiver_account_id, receipt_included_in_block_timestamp) VALUES ('HpMfG5HTjVEmw2PBq7J8tBy9k4pemr1j2emtLaCEu8FW', 0, 'FUNCTION_CALL', '{"gas": 100000000000000, "deposit": "100000000000000000000000", "args_json": {"new_account_id": "newafro.near", "new_key": "2LtNBZGX3xCw9Jm4ngws8TMUy2JkWApHMhsg6PU9QtAN"}, "args_base64": "eyJuZXdfYWNjb3VudF9pZCI6Im5ld2Fmcm8ubmVhciIsIm5ld19wdWJsaWNfa2V5IjoiMkx0TkJaR1gzeEN3OUptNG5nd3M4VE1VeTJKa1dBcEhNaHNnNlBVOVF0QU4ifQ==", "method_name": "create_account"}', '54a698eae4063a944e673debe90a0287fdc278250179e3c1d580ec418f36e79b', 'near', 1646393106196645500);
INSERT INTO action_receipt_actions (receipt_id, index_in_action_receipt, action_kind, args, receipt_predecessor_account_id, receipt_receiver_account_id, receipt_included_in_block_timestamp) VALUES ('znZaVgBnZ7gWHBXGUpp49DRurMpx9behKovpyujPRkP', 0, 'FUNCTION_CALL', '{"gas": 300000000000000, "deposit": "0", "args_json": {"accounts": [{"amount": "100000000000000000000000", "account_id": "gus.near"}, {"amount": "100000000000000000000000", "account_id": "linkdropping.near"}]}, "args_base64": "eyJhY2NvdW50cyI6W3siYWNjb3VudF9pZCI6Imd1cy5uZWFyIiwiYW1vdW50IjoiMTAwMDAwMDAwMDAwMDAwMDAwMDAwMDAwIn0seyJhY2NvdW50X2lkIjoibGlua2Ryb3BwaW5nLm5lYXIiLCJhbW91bnQiOiIxMDAwMDAwMDAwMDAwMDAwMDAwMDAwMDAifV19", "method_name": "multisend_from_balance_unsafe"}', 'newafro.near', 'multisender.app.near', 1646729130380275492);
INSERT INTO action_receipt_actions (receipt_id, index_in_action_receipt, action_kind, args, receipt_predecessor_account_id, receipt_receiver_account_id, receipt_included_in_block_timestamp) VALUES ('43V76aigJJyRPprBj5S472BkRcPoodkbTK33QxWPd6NA', 0, 'FUNCTION_CALL', '{"gas": 125000000000000, "deposit": "0", "args_json": {}, "args_base64": "e30=", "method_name": "unstake_all"}', 'newafro.near', 'stardust.poolv1.near', 1646729710158166900);
INSERT INTO action_receipt_actions (receipt_id, index_in_action_receipt, action_kind, args, receipt_predecessor_account_id, receipt_receiver_account_id, receipt_included_in_block_timestamp) VALUES ('G4HpHm39jUamQ8oRv939aJqWx5wKq2BZkSZVg9KK3AgV', 0, 'FUNCTION_CALL', '{"gas": 180000000000000, "deposit": "1", "args_json": {"msg": "{\\\"force\\\":0,\\\"actions\\\":[{\\\"pool_id\\\":3,\\\"token_in\\\":\\\"wrap.near\\\",\\\"token_out\\\":\\\"a0b86991c6218b36c1d19d4a2e9eb0ce3606eb48.factory.bridge.near\\\",\\\"amount_in\\\":\\\"998750000000000000000000\\\",\\\"min_amount_out\\\":\\\"11272575\\\"}]}", "amount": "998750000000000000000000", "receiver_id": "v2.ref-finance.near"}, "args_base64": "eyJyZWNlaXZlcl9pZCI6InYyLnJlZi1maW5hbmNlLm5lYXIiLCJhbW91bnQiOiI5OTg3NTAwMDAwMDAwMDAwMDAwMDAwMDAiLCJtc2ciOiJ7XCJmb3JjZVwiOjAsXCJhY3Rpb25zXCI6W3tcInBvb2xfaWRcIjozLFwidG9rZW5faW5cIjpcIndyYXAubmVhclwiLFwidG9rZW5fb3V0XCI6XCJhMGI4Njk5MWM2MjE4YjM2YzFkMTlkNGEyZTllYjBjZTM2MDZlYjQ4LmZhY3RvcnkuYnJpZGdlLm5lYXJcIixcImFtb3VudF9pblwiOlwiOTk4NzUwMDAwMDAwMDAwMDAwMDAwMDAwXCIsXCJtaW5fYW1vdW50X291dFwiOlwiMTEyNzI1NzVcIn1dfSJ9", "method_name": "ft_transfer_call"}', 'newafro.near', 'wrap.near', 1646394047265196013);
INSERT INTO action_receipt_actions (receipt_id, index_in_action_receipt, action_kind, args, receipt_predecessor_account_id, receipt_receiver_account_id, receipt_included_in_block_timestamp) VALUES ('E2tHsqkVpoDoCBsuj5PHA1jyHRLFkRdpD1DVLESLXG73', 0, 'FUNCTION_CALL', '{"gas": 100000000000000, "deposit": "1", "args_json": {"msg": "", "amount": "35611967189717"}, "args_base64": "eyJhbW91bnQiOiIzNTYxMTk2NzE4OTcxNyIsIm1zZyI6IiJ9", "method_name": "unstake"}', 'newafro.near', 'xtoken.ref-finance.near', 1646395333166316328);
INSERT INTO action_receipt_actions (receipt_id, index_in_action_receipt, action_kind, args, receipt_predecessor_account_id, receipt_receiver_account_id, receipt_included_in_block_timestamp) VALUES ('EupUF727HCtxMMDULHv6mpMW2Kk8AN4xCM9o7H6z68Lo', 0, 'FUNCTION_CALL', '{"gas": 110000000000000, "deposit": "3500000000000000000000000", "args_json": {"lockup_duration": "0", "lockup_timestamp": null, "owner_account_id": "linkdropping.near", "release_duration": null, "vesting_schedule": {"VestingSchedule": {"end_timestamp": "1772225080000000000", "cliff_timestamp": "1677665080000000000", "start_timestamp": "1646125080000000000"}}}, "args_base64": "eyJvd25lcl9hY2NvdW50X2lkIjoibGlua2Ryb3BwaW5nLm5lYXIiLCJsb2NrdXBfZHVyYXRpb24iOiIwIiwibG9ja3VwX3RpbWVzdGFtcCI6bnVsbCwicmVsZWFzZV9kdXJhdGlvbiI6bnVsbCwidmVzdGluZ19zY2hlZHVsZSI6eyJWZXN0aW5nU2NoZWR1bGUiOnsic3RhcnRfdGltZXN0YW1wIjoiMTY0NjEyNTA4MDAwMDAwMDAwMCIsImNsaWZmX3RpbWVzdGFtcCI6IjE2Nzc2NjUwODAwMDAwMDAwMDAiLCJlbmRfdGltZXN0YW1wIjoiMTc3MjIyNTA4MDAwMDAwMDAwMCJ9fX0=", "method_name": "create"}', 'newafro.near', 'lockup.near', 1646729907247772841);
INSERT INTO action_receipt_actions (receipt_id, index_in_action_receipt, action_kind, args, receipt_predecessor_account_id, receipt_receiver_account_id, receipt_included_in_block_timestamp) VALUES ('7kYizEUDjWrgijGC8vDcLmRhhpc6Uc6PvEdWG92CCJ3h', 0, 'FUNCTION_CALL', '{"gas": 300000000000000, "deposit": "0", "args_json": {"request_id": 90}, "args_base64": "eyJyZXF1ZXN0X2lkIjo5MH0=", "method_name": "confirm"}', 'nfendowment01.near', 'nfendowment01.near', 1646753418339417767);
INSERT INTO action_receipt_actions (receipt_id, index_in_action_receipt, action_kind, args, receipt_predecessor_account_id, receipt_receiver_account_id, receipt_included_in_block_timestamp) VALUES ('3iLDZCpKkZhNMWp6HFu5eVCSEbw9cVXzD2BfL9UtpqXK', 0, 'FUNCTION_CALL', '{"gas": 30000000000000, "deposit": "100000000000000000000000", "args_json": {}, "args_base64": "e30=", "method_name": "near_deposit"}', 'newafro.near', 'wrap.near', 1646734468133596311);
INSERT INTO action_receipt_actions (receipt_id, index_in_action_receipt, action_kind, args, receipt_predecessor_account_id, receipt_receiver_account_id, receipt_included_in_block_timestamp) VALUES ('3iLDZCpKkZhNMWp6HFu5eVCSEbw9cVXzD2BfL9UtpqXK', 1, 'FUNCTION_CALL', '{"gas": 70000000000000, "deposit": "1", "args_json": {"msg": "b252c12d12f71726455eaa22f9c0ae2ff450d06a", "memo": null, "amount": "100000000000000000000000", "receiver_id": "aurora"}, "args_base64": "eyJyZWNlaXZlcl9pZCI6ImF1cm9yYSIsImFtb3VudCI6IjEwMDAwMDAwMDAwMDAwMDAwMDAwMDAwMCIsIm1lbW8iOm51bGwsIm1zZyI6ImIyNTJjMTJkMTJmNzE3MjY0NTVlYWEyMmY5YzBhZTJmZjQ1MGQwNmEifQ==", "method_name": "ft_transfer_call"}', 'newafro.near', 'wrap.near', 1646734468133596311);
INSERT INTO action_receipt_actions (receipt_id, index_in_action_receipt, action_kind, args, receipt_predecessor_account_id, receipt_receiver_account_id, receipt_included_in_block_timestamp) VALUES ('A8Xxd1Fz6Lo5qQ9iM7XPPAKv1UoA1D1HfRj5wnuU689Y', 0, 'FUNCTION_CALL', '{"gas": 200000000000000, "deposit": "1", "args_json": {"msg": "", "amount": "12943208976933402444498", "seed_id": "v2.ref-finance.near@3"}, "args_base64": "eyJzZWVkX2lkIjoidjIucmVmLWZpbmFuY2UubmVhckAzIiwiYW1vdW50IjoiMTI5NDMyMDg5NzY5MzM0MDI0NDQ0OTgiLCJtc2ciOiIifQ==", "method_name": "withdraw_seed"}', 'newafro.near', 'v2.ref-farming.near', 1646395163846493413);
INSERT INTO action_receipt_actions (receipt_id, index_in_action_receipt, action_kind, args, receipt_predecessor_account_id, receipt_receiver_account_id, receipt_included_in_block_timestamp) VALUES ('GJxRRo7oF1qxTCQ5dfKdzWrw5Zygf8VmGtg9VUnM3ofq', 0, 'FUNCTION_CALL', '{"gas": 100000000000000, "deposit": "10000000000000000000000", "args_json": {"amounts": ["4995449", "438398709947287357866470"], "pool_id": 3}, "args_base64": "eyJwb29sX2lkIjozLCJhbW91bnRzIjpbIjQ5OTU0NDkiLCI0MzgzOTg3MDk5NDcyODczNTc4NjY0NzAiXX0=", "method_name": "add_liquidity"}', 'newafro.near', 'v2.ref-finance.near', 1646394647127421437);
INSERT INTO action_receipt_actions (receipt_id, index_in_action_receipt, action_kind, args, receipt_predecessor_account_id, receipt_receiver_account_id, receipt_included_in_block_timestamp) VALUES ('5Y3NNSNn14LRwNrcDvX2B1Tw6vF6T55uC2dz96weEcoG', 0, 'FUNCTION_CALL', '{"gas": 100000000000000, "deposit": "1", "args_json": {"token_id": "288084:56", "receiver_id": "linkdropping.near"}, "args_base64": "eyJ0b2tlbl9pZCI6IjI4ODA4NDo1NiIsInJlY2VpdmVyX2lkIjoibGlua2Ryb3BwaW5nLm5lYXIifQ==", "method_name": "nft_transfer"}', 'newafro.near', 'x.paras.near', 1646728098522199421);
INSERT INTO action_receipt_actions (receipt_id, index_in_action_receipt, action_kind, args, receipt_predecessor_account_id, receipt_receiver_account_id, receipt_included_in_block_timestamp) VALUES ('HzCgTdvmsqTywgH63Yk6GYCBT3N1b8TmfdN7nLNC2jhh', 0, 'FUNCTION_CALL', '{"gas": 250000000000000, "deposit": "0", "args_json": {"request_id": 0}, "args_base64": "eyJyZXF1ZXN0X2lkIjowfQ==", "method_name": "confirm"}', 'newafro.near', 'newafro.near', 1646393887048095471);
INSERT INTO action_receipt_actions (receipt_id, index_in_action_receipt, action_kind, args, receipt_predecessor_account_id, receipt_receiver_account_id, receipt_included_in_block_timestamp) VALUES ('CUS3y7n8mgV2ED3VP7LUQQUf4fmqxqsPSAM9bnwNowPP', 0, 'FUNCTION_CALL', '{"gas": 300000000000000, "deposit": "0", "args_json": {"request_id": 45}, "args_base64": "eyJyZXF1ZXN0X2lkIjo0NX0=", "method_name": "confirm"}', 'nfendowment01.near', 'nfendowment01.near', 1632824679640349711);
INSERT INTO action_receipt_actions (receipt_id, index_in_action_receipt, action_kind, args, receipt_predecessor_account_id, receipt_receiver_account_id, receipt_included_in_block_timestamp) VALUES ('8ggVvSUo7PEB4rLTXRrQvLAZoHXUtusK8ssBZLkQ5oEH', 0, 'TRANSFER', '{"deposit": "50000000000000000000000000"}', 'newafro.near', 'linkdropping.near', 1646393741659301870);
INSERT INTO action_receipt_actions (receipt_id, index_in_action_receipt, action_kind, args, receipt_predecessor_account_id, receipt_receiver_account_id, receipt_included_in_block_timestamp) VALUES ('F5vaYuHPZgqKbNcjnJ9iJam62yp1ForjJ8LQCpDATjgh', 0, 'FUNCTION_CALL', '{"gas": 100000000000000, "deposit": "45000000000000000000000", "args_json": {"account_id": "newafro.near", "registration_only": false}, "args_base64": "eyJhY2NvdW50X2lkIjoibmV3YWZyby5uZWFyIiwicmVnaXN0cmF0aW9uX29ubHkiOmZhbHNlfQ==", "method_name": "storage_deposit"}', 'newafro.near', 'v2.ref-farming.near', 1646394731266103143);
INSERT INTO action_receipt_actions (receipt_id, index_in_action_receipt, action_kind, args, receipt_predecessor_account_id, receipt_receiver_account_id, receipt_included_in_block_timestamp) VALUES ('HSNsWrxL5FrnXstbTQfb5hZHiCGysTd5Zkd4MbLhrLX1', 0, 'FUNCTION_CALL', '{"gas": 150000000000000, "deposit": "0", "args_json": {"id": 0, "action": "VoteApprove"}, "args_base64": "eyJpZCI6MCwiYWN0aW9uIjoiVm90ZUFwcHJvdmUifQ==", "method_name": "act_proposal"}', 'newafro.near', 'test-dao-bro.sputnik-dao.near', 1646728951427022766);
INSERT INTO action_receipt_actions (receipt_id, index_in_action_receipt, action_kind, args, receipt_predecessor_account_id, receipt_receiver_account_id, receipt_included_in_block_timestamp) VALUES ('4LgCKrU63fGMeJGvD9ufCNn4h3Sp8bvzF42kgHWMpw51', 0, 'DELETE_KEY', '{"key": "ed25519:EHPeimCFYsnn3LnFYsECPBtTdwi5nLnJZzkvgkWnCAx6"}', 'newafro.near', 'newafro.near', 1646393797488301329);
INSERT INTO action_receipt_actions (receipt_id, index_in_action_receipt, action_kind, args, receipt_predecessor_account_id, receipt_receiver_account_id, receipt_included_in_block_timestamp) VALUES ('4LgCKrU63fGMeJGvD9ufCNn4h3Sp8bvzF42kgHWMpw51', 1, 'ADD_KEY', '{"access_key": {"nonce": 0, "permission": {"permission_kind": "FUNCTION_CALL", "permission_details": {"allowance": null, "receiver_id": "newafro.near", "method_names": ["add_request", "add_request_and_confirm", "delete_request", "confirm"]}}}, "key": "ed25519:EHPeimCFYsnn3LnFYsECPBtTdwi5nLnJZzkvgkWnCAx6"}', 'newafro.near', 'newafro.near', 1646393797488301329);
INSERT INTO action_receipt_actions (receipt_id, index_in_action_receipt, action_kind, args, receipt_predecessor_account_id, receipt_receiver_account_id, receipt_included_in_block_timestamp) VALUES ('4LgCKrU63fGMeJGvD9ufCNn4h3Sp8bvzF42kgHWMpw51', 2, 'ADD_KEY', '{"access_key": {"nonce": 0, "permission": {"permission_kind": "FUNCTION_CALL", "permission_details": {"allowance": null, "receiver_id": "newafro.near", "method_names": ["confirm"]}}}, "key": "ed25519:FmJMMGabLzyAFCjTxmx1C4cm8vgTKTU63m9nRdsYLg9S"}', 'newafro.near', 'newafro.near', 1646393797488301329);
INSERT INTO action_receipt_actions (receipt_id, index_in_action_receipt, action_kind, args, receipt_predecessor_account_id, receipt_receiver_account_id, receipt_included_in_block_timestamp) VALUES ('4LgCKrU63fGMeJGvD9ufCNn4h3Sp8bvzF42kgHWMpw51', 3, 'DEPLOY_CONTRACT', '{"code_sha256": "010b1a0bd58a9003f724f60dea7289df267613d46f058a81ee0fbb8565878559"}', 'newafro.near', 'newafro.near', 1646393797488301329);
INSERT INTO action_receipt_actions (receipt_id, index_in_action_receipt, action_kind, args, receipt_predecessor_account_id, receipt_receiver_account_id, receipt_included_in_block_timestamp) VALUES ('4LgCKrU63fGMeJGvD9ufCNn4h3Sp8bvzF42kgHWMpw51', 4, 'FUNCTION_CALL', '{"gas": 100000000000000, "deposit": "0", "args_json": {"num_confirmations": 2}, "args_base64": "eyJudW1fY29uZmlybWF0aW9ucyI6Mn0=", "method_name": "new"}', 'newafro.near', 'newafro.near', 1646393797488301329);
INSERT INTO action_receipt_actions (receipt_id, index_in_action_receipt, action_kind, args, receipt_predecessor_account_id, receipt_receiver_account_id, receipt_included_in_block_timestamp) VALUES ('5ANwuVG8W9m1me4VZfpR9zYnwqmab2zC24ThgBSrtLRn', 0, 'FUNCTION_CALL', '{"gas": 300000000000000, "deposit": "200000000000000000000000", "args_json": {"accounts": [{"amount": "100000000000000000000000", "account_id": "linkdropping.near"}, {"amount": "100000000000000000000000", "account_id": "gus.near"}]}, "args_base64": "eyJhY2NvdW50cyI6W3siYWNjb3VudF9pZCI6Imxpbmtkcm9wcGluZy5uZWFyIiwiYW1vdW50IjoiMTAwMDAwMDAwMDAwMDAwMDAwMDAwMDAwIn0seyJhY2NvdW50X2lkIjoiZ3VzLm5lYXIiLCJhbW91bnQiOiIxMDAwMDAwMDAwMDAwMDAwMDAwMDAwMDAifV19", "method_name": "multisend_attached_tokens"}', 'newafro.near', 'multisender.app.near', 1646729046320507461);
INSERT INTO action_receipt_actions (receipt_id, index_in_action_receipt, action_kind, args, receipt_predecessor_account_id, receipt_receiver_account_id, receipt_included_in_block_timestamp) VALUES ('HGu1i41UC6pCY4uRqaxnYmeLsHnG5UhvF8wy3Ft7ziy3', 0, 'FUNCTION_CALL', '{"gas": 300000000000000, "deposit": "100000000000000000000000", "args_json": {"proposal": {"kind": {"Transfer": {"amount": "500000000000000000000000", "token_id": "", "receiver_id": "newafro.near"}}, "description": "lets test this$$$$"}}, "args_base64": "eyJwcm9wb3NhbCI6eyJkZXNjcmlwdGlvbiI6ImxldHMgdGVzdCB0aGlzJCQkJCIsImtpbmQiOnsiVHJhbnNmZXIiOnsidG9rZW5faWQiOiIiLCJyZWNlaXZlcl9pZCI6Im5ld2Fmcm8ubmVhciIsImFtb3VudCI6IjUwMDAwMDAwMDAwMDAwMDAwMDAwMDAwMCJ9fX19", "method_name": "add_proposal"}', 'newafro.near', 'test-dao-bro.sputnik-dao.near', 1646728893879838061);
INSERT INTO action_receipt_actions (receipt_id, index_in_action_receipt, action_kind, args, receipt_predecessor_account_id, receipt_receiver_account_id, receipt_included_in_block_timestamp) VALUES ('DJrDN4AWzmb8k8nRiZeQibWCJcizTHf96x2xeiqfFHYg', 0, 'FUNCTION_CALL', '{"gas": 30000000000000, "deposit": "1", "args_json": {"shares": "12943208976933402444498", "pool_id": 3, "min_amounts": ["4630600", "468366386311324800000000"]}, "args_base64": "eyJwb29sX2lkIjozLCJzaGFyZXMiOiIxMjk0MzIwODk3NjkzMzQwMjQ0NDQ5OCIsIm1pbl9hbW91bnRzIjpbIjQ2MzA2MDAiLCI0NjgzNjYzODYzMTEzMjQ4MDAwMDAwMDAiXX0=", "method_name": "remove_liquidity"}', 'newafro.near', 'v2.ref-finance.near', 1646729310440052865);
INSERT INTO action_receipt_actions (receipt_id, index_in_action_receipt, action_kind, args, receipt_predecessor_account_id, receipt_receiver_account_id, receipt_included_in_block_timestamp) VALUES ('DJrDN4AWzmb8k8nRiZeQibWCJcizTHf96x2xeiqfFHYg', 1, 'FUNCTION_CALL', '{"gas": 55000000000000, "deposit": "1", "args_json": {"amount": "0", "token_id": "a0b86991c6218b36c1d19d4a2e9eb0ce3606eb48.factory.bridge.near", "unregister": false}, "args_base64": "eyJ0b2tlbl9pZCI6ImEwYjg2OTkxYzYyMThiMzZjMWQxOWQ0YTJlOWViMGNlMzYwNmViNDguZmFjdG9yeS5icmlkZ2UubmVhciIsImFtb3VudCI6IjAiLCJ1bnJlZ2lzdGVyIjpmYWxzZX0=", "method_name": "withdraw"}', 'newafro.near', 'v2.ref-finance.near', 1646729310440052865);
INSERT INTO action_receipt_actions (receipt_id, index_in_action_receipt, action_kind, args, receipt_predecessor_account_id, receipt_receiver_account_id, receipt_included_in_block_timestamp) VALUES ('DJrDN4AWzmb8k8nRiZeQibWCJcizTHf96x2xeiqfFHYg', 2, 'FUNCTION_CALL', '{"gas": 55000000000000, "deposit": "1", "args_json": {"amount": "0", "token_id": "wrap.near", "unregister": false}, "args_base64": "eyJ0b2tlbl9pZCI6IndyYXAubmVhciIsImFtb3VudCI6IjAiLCJ1bnJlZ2lzdGVyIjpmYWxzZX0=", "method_name": "withdraw"}', 'newafro.near', 'v2.ref-finance.near', 1646729310440052865);
INSERT INTO action_receipt_actions (receipt_id, index_in_action_receipt, action_kind, args, receipt_predecessor_account_id, receipt_receiver_account_id, receipt_included_in_block_timestamp) VALUES ('4BwKynMch9naQZZwD3VqJKowkq4PMktDAbqrAgtJBpRv', 0, 'FUNCTION_CALL', '{"gas": 30000000000000, "deposit": "1", "args_json": {"amount": "36778457249478", "receiver_id": "linkdropping.near"}, "args_base64": "eyJhbW91bnQiOiIzNjc3ODQ1NzI0OTQ3OCIsInJlY2VpdmVyX2lkIjoibGlua2Ryb3BwaW5nLm5lYXIifQ==", "method_name": "ft_transfer"}', 'newafro.near', 'token.v2.ref-finance.near', 1646727822331761056);
INSERT INTO action_receipt_actions (receipt_id, index_in_action_receipt, action_kind, args, receipt_predecessor_account_id, receipt_receiver_account_id, receipt_included_in_block_timestamp) VALUES ('88ud3XWwJv23MCRjmWsj9tP1hMsLAoqt7HsEKchikLGh', 0, 'TRANSFER', '{"deposit": "1000000000000000000000000"}', 'newafro.near', 'test-dao-bro.sputnik-dao.near', 1646728839790378769);
INSERT INTO action_receipt_actions (receipt_id, index_in_action_receipt, action_kind, args, receipt_predecessor_account_id, receipt_receiver_account_id, receipt_included_in_block_timestamp) VALUES ('51KpJ6ut71QRQx2ECBzy9ik3WiwoNQw9CBZwrPS3iu6G', 0, 'FUNCTION_CALL', '{"gas": 10000000000000, "deposit": "100000000000000000000000", "args_json": {"eth_recipient": "b252C12d12f71726455eaA22f9c0ae2FF450d06A"}, "args_base64": "eyJldGhfcmVjaXBpZW50IjoiYjI1MkMxMmQxMmY3MTcyNjQ1NWVhQTIyZjljMGFlMkZGNDUwZDA2QSJ9", "method_name": "migrate_to_ethereum"}', 'newafro.near', 'e-near.near', 1646734639664804840);
INSERT INTO action_receipt_actions (receipt_id, index_in_action_receipt, action_kind, args, receipt_predecessor_account_id, receipt_receiver_account_id, receipt_included_in_block_timestamp) VALUES ('9nRxeGJFt9xTtUruZu2iWRFyhRNTLdTQxuKAdMaAa3zB', 0, 'FUNCTION_CALL', '{"gas": 100000000000000, "deposit": "0", "args_json": {"farm_id": "v2.ref-finance.near@3#1"}, "args_base64": "eyJmYXJtX2lkIjoidjIucmVmLWZpbmFuY2UubmVhckAzIzEifQ==", "method_name": "claim_reward_by_farm"}', 'newafro.near', 'v2.ref-farming.near', 1646394938774931308);
INSERT INTO action_receipt_actions (receipt_id, index_in_action_receipt, action_kind, args, receipt_predecessor_account_id, receipt_receiver_account_id, receipt_included_in_block_timestamp) VALUES ('9WNAL2emFAbot9Ca5DXkyJCXrFgkfRrX1YtDHkvcvwHx', 0, 'TRANSFER', '{"deposit": "1000000000000000000000000000"}', 'nf-payments.near', 'nf-payments1.near', 1651505466059473141);
INSERT INTO action_receipt_actions (receipt_id, index_in_action_receipt, action_kind, args, receipt_predecessor_account_id, receipt_receiver_account_id, receipt_included_in_block_timestamp) VALUES ('4BwMBTRKbnaRMH4Fqm3AQM4kU1G9GeSybad9wrc4cdxS', 0, 'FUNCTION_CALL', '{"gas": 50000000000000, "deposit": "1000000000000000000000000", "args_json": {}, "args_base64": "e30=", "method_name": "near_deposit"}', 'newafro.near', 'wrap.near', 1646393979990202926);
INSERT INTO action_receipt_actions (receipt_id, index_in_action_receipt, action_kind, args, receipt_predecessor_account_id, receipt_receiver_account_id, receipt_included_in_block_timestamp) VALUES ('66DcPAETUf7RhJAXJXiBm6WE43S5fQ7HgCiZCW1tdUPc', 0, 'FUNCTION_CALL', '{"gas": 30000000000000, "deposit": "1000000000000000000000000", "args_json": {"key": "27uxkgGEgSrBxLVv1g81HzPNY1YWGopuGTSyaNeNJqUu"}, "args_base64": "eyJwdWJsaWNfa2V5IjoiMjd1eGtnR0VnU3JCeExWdjFnODFIelBOWTFZV0dvcHVHVFN5YU5lTkpxVXUifQ==", "method_name": "send"}', 'newafro.near', 'near', 1646728174359737690);
INSERT INTO action_receipt_actions (receipt_id, index_in_action_receipt, action_kind, args, receipt_predecessor_account_id, receipt_receiver_account_id, receipt_included_in_block_timestamp) VALUES ('TKEJxuD2LH4Sq52WBQgVSx21LE3GKFiUb9rSb4ZnmBV', 0, 'FUNCTION_CALL', '{"gas": 30000000000000, "deposit": "200000000000000000000000", "args_json": {}, "args_base64": "e30=", "method_name": "deposit"}', 'newafro.near', 'multisender.app.near', 1646729098988228329);
INSERT INTO action_receipt_actions (receipt_id, index_in_action_receipt, action_kind, args, receipt_predecessor_account_id, receipt_receiver_account_id, receipt_included_in_block_timestamp) VALUES ('6cno4ozxmkJHWHzNL2s1QjVHjsYq5HqfQ5qSNfG4y5NJ', 0, 'FUNCTION_CALL', '{"gas": 300000000000000, "deposit": "5000000000000000000000000", "args_json": {"args": "eyJwdXJwb3NlIjoiIiwiYm9uZCI6IjEwMDAwMDAwMDAwMDAwMDAwMDAwMDAwMCIsInZvdGVfcGVyaW9kIjoiNjA0ODAwMDAwMDAwMDAwIiwiZ3JhY2VfcGVyaW9kIjoiODY0MDAwMDAwMDAwMDAiLCJwb2xpY3kiOnsicm9sZXMiOlt7Im5hbWUiOiJFdmVyeW9uZSIsImtpbmQiOnsiR3JvdXAiOlsibmV3YWZyby5uZWFyIl19LCJwZXJtaXNzaW9ucyI6WyIqOkZpbmFsaXplIiwiKjpBZGRQcm9wb3NhbCIsIio6Vm90ZUFwcHJvdmUiLCIqOlZvdGVSZWplY3QiLCIqOlZvdGVSZW1vdmUiXSwidm90ZV9wb2xpY3kiOnt9fSx7Im5hbWUiOiJhbGwiLCJraW5kIjoiRXZlcnlvbmUiLCJwZXJtaXNzaW9ucyI6WyIqOkFkZFByb3Bvc2FsIl0sInZvdGVfcG9saWN5Ijp7fX1dLCJkZWZhdWx0X3ZvdGVfcG9saWN5Ijp7IndlaWdodF9raW5kIjoiUm9sZVdlaWdodCIsInF1b3J1bSI6IjAiLCJ0aHJlc2hvbGQiOlsxLDJdfSwicHJvcG9zYWxfYm9uZCI6IjEwMDAwMDAwMDAwMDAwMDAwMDAwMDAwMCIsInByb3Bvc2FsX3BlcmlvZCI6IjYwNDgwMDAwMDAwMDAwMCIsImJvdW50eV9ib25kIjoiMTAwMDAwMDAwMDAwMDAwMDAwMDAwMDAwIiwiYm91bnR5X2ZvcmdpdmVuZXNzX3BlcmlvZCI6IjYwNDgwMDAwMDAwMDAwMCJ9LCJjb25maWciOnsibmFtZSI6InRlc3QtZGFvLWJybyIsInB1cnBvc2UiOiIiLCJtZXRhZGF0YSI6ImV5Sm1iR0ZuUTI5MlpYSWlPaUpOVWxCT1ZqbDVYMU5EY1hjMFUwNU5iMFpwY0ZnaUxDSm1iR0ZuVEc5bmJ5STZJaUlzSW1ScGMzQnNZWGxPWVcxbElqb2lWRVZUVkNCRVFVOGdRbEpQSWl3aWJHVm5ZV3dpT25zaWJHVm5ZV3hUZEdGMGRYTWlPaUlpTENKc1pXZGhiRXhwYm1zaU9pSWlmWDA9In19", "name": "test-dao-bro"}, "args_base64": "eyJuYW1lIjoidGVzdC1kYW8tYnJvIiwiYXJncyI6ImV5SndkWEp3YjNObElqb2lJaXdpWW05dVpDSTZJakV3TURBd01EQXdNREF3TURBd01EQXdNREF3TURBd01DSXNJblp2ZEdWZmNHVnlhVzlrSWpvaU5qQTBPREF3TURBd01EQXdNREF3SWl3aVozSmhZMlZmY0dWeWFXOWtJam9pT0RZME1EQXdNREF3TURBd01EQWlMQ0p3YjJ4cFkza2lPbnNpY205c1pYTWlPbHQ3SW01aGJXVWlPaUpGZG1WeWVXOXVaU0lzSW10cGJtUWlPbnNpUjNKdmRYQWlPbHNpYm1WM1lXWnlieTV1WldGeUlsMTlMQ0p3WlhKdGFYTnphVzl1Y3lJNld5SXFPa1pwYm1Gc2FYcGxJaXdpS2pwQlpHUlFjbTl3YjNOaGJDSXNJaW82Vm05MFpVRndjSEp2ZG1VaUxDSXFPbFp2ZEdWU1pXcGxZM1FpTENJcU9sWnZkR1ZTWlcxdmRtVWlYU3dpZG05MFpWOXdiMnhwWTNraU9udDlmU3g3SW01aGJXVWlPaUpoYkd3aUxDSnJhVzVrSWpvaVJYWmxjbmx2Ym1VaUxDSndaWEp0YVhOemFXOXVjeUk2V3lJcU9rRmtaRkJ5YjNCdmMyRnNJbDBzSW5admRHVmZjRzlzYVdONUlqcDdmWDFkTENKa1pXWmhkV3gwWDNadmRHVmZjRzlzYVdONUlqcDdJbmRsYVdkb2RGOXJhVzVrSWpvaVVtOXNaVmRsYVdkb2RDSXNJbkYxYjNKMWJTSTZJakFpTENKMGFISmxjMmh2YkdRaU9sc3hMREpkZlN3aWNISnZjRzl6WVd4ZlltOXVaQ0k2SWpFd01EQXdNREF3TURBd01EQXdNREF3TURBd01EQXdNQ0lzSW5CeWIzQnZjMkZzWDNCbGNtbHZaQ0k2SWpZd05EZ3dNREF3TURBd01EQXdNQ0lzSW1KdmRXNTBlVjlpYjI1a0lqb2lNVEF3TURBd01EQXdNREF3TURBd01EQXdNREF3TURBd0lpd2lZbTkxYm5SNVgyWnZjbWRwZG1WdVpYTnpYM0JsY21sdlpDSTZJall3TkRnd01EQXdNREF3TURBd01DSjlMQ0pqYjI1bWFXY2lPbnNpYm1GdFpTSTZJblJsYzNRdFpHRnZMV0p5YnlJc0luQjFjbkJ2YzJVaU9pSWlMQ0p0WlhSaFpHRjBZU0k2SW1WNVNtMWlSMFp1VVRJNU1scFlTV2xQYVVwT1ZXeENUMVpxYkRWWU1VNUVZMWhqTUZVd05VNWlNRnB3WTBabmFVeERTbTFpUjBadVZFYzVibUo1U1RaSmFVbHpTVzFTY0dNelFuTlpXR3hQV1ZjeGJFbHFiMmxXUlZaVVZrTkNSVkZWT0dkUmJFcFFTV2wzYVdKSFZtNVpWM2RwVDI1emFXSkhWbTVaVjNoVVpFZEdNR1JZVFdsUGFVbHBURU5LYzFwWFpHaGlSWGh3WW0xemFVOXBTV2xtV0RBOUluMTkifQ==", "method_name": "create"}', 'newafro.near', 'sputnik-dao.near', 1646728788737262414);
INSERT INTO action_receipt_actions (receipt_id, index_in_action_receipt, action_kind, args, receipt_predecessor_account_id, receipt_receiver_account_id, receipt_included_in_block_timestamp) VALUES ('CXfUqKyRMSY8JT2tkfxk1P9zWDjFVZhET76qE217BRVZ', 0, 'FUNCTION_CALL', '{"gas": 125000000000000, "deposit": "1000000000000000000000000", "args_json": {}, "args_base64": "e30=", "method_name": "deposit_and_stake"}', 'newafro.near', 'stardust.poolv1.near', 1646729573920214557);

INSERT INTO blocks (block_height, block_hash, prev_block_hash, block_timestamp, total_supply, gas_price, author_account_id) VALUES (71152948, '52qJFLiWtAEQo3y5ZhjxonQTnEEKW3HcycB4hXHp36wJ', 'DEi69GFgX9s88qsLiou2rnQwVJ4BEPDGwYgtjUFHVR2G', 1659425577670677628, 1091485393619693192495946273011138, 100000000, 'openshards.poolv1.near');
INSERT INTO blocks (block_height, block_hash, prev_block_hash, block_timestamp, total_supply, gas_price, author_account_id) VALUES (60730099, 'Dad6wzvqtcvQua6hTKXyFt3vSJpWwwuVYiNFpX7ubAEF', 'EumKHVAc8mAkeRZWmfZGzM6yxqfMbQYRkRGK3VB6fsoP', 1646394319975176472, 1069406766093735140530233765790581, 100000000, 'northernlights.poolv1.near');
INSERT INTO blocks (block_height, block_hash, prev_block_hash, block_timestamp, total_supply, gas_price, author_account_id) VALUES (60996259, '8xjaniRhDjsRatdCmNiA4Wvzxh97D6SEFV2q2DaJRZDy', '5KwsRRuUdC8BNcry6Nep36fmM2S5PRNEX1BDaUzstHnc', 1646727972821253890, 1069955338438852142655840118515870, 100000000, 'finoa.poolv1.near');
INSERT INTO blocks (block_height, block_hash, prev_block_hash, block_timestamp, total_supply, gas_price, author_account_id) VALUES (77148911, 'Gs47DdPY7CEmczkZjpJNMyurYvbjFq1oh8Kkaty28vo8', 'qvRGStMWxfttbgKQ6ccwgzqK7jtcV5QT3Ly6DncNEh1', 1666881098583560038, 1104291376210521832949625134403812, 100000000, 'sweat_validator.poolv1.near');
INSERT INTO blocks (block_height, block_hash, prev_block_hash, block_timestamp, total_supply, gas_price, author_account_id) VALUES (60730712, 'A233cqemUyFShM7TkU7GZEA8Ban6dUN9GHjySRJEXq6v', '28Bw7ckcNie8NWRcotApFDsdXJo2WtUggtkjekYcJRYk', 1646395096488193483, 1069406760368076205170145165790581, 100000000, 'staked.poolv1.near');
INSERT INTO blocks (block_height, block_hash, prev_block_hash, block_timestamp, total_supply, gas_price, author_account_id) VALUES (60729130, 'GKvWe6hJ9h1TWFgWWwYzBMmJG6p959hSdV1gDLcBN1EK', 'D9Ghy8K9y5Y2QWpuMMC4ZH3yTLR26Df4cu1K3kixWySH', 1646393106196645500, 1069406771555478033729611165790581, 100000000, 'magic.poolv1.near');
INSERT INTO blocks (block_height, block_hash, prev_block_hash, block_timestamp, total_supply, gas_price, author_account_id) VALUES (60997182, '7Gss6o1inJvE1nxe8D84G4ajGWEgEgnmE3BCxtQUkEfY', '541x8ZU52FkKYgnQzQ6uEUZ3FsAuNoh2Z5zQbauDxn2Q', 1646729130380275492, 1069955332851605631043792518515870, 100000000, 'openshards.poolv1.near');
INSERT INTO blocks (block_height, block_hash, prev_block_hash, block_timestamp, total_supply, gas_price, author_account_id) VALUES (60997651, '21ktUqRwtx4P55fCvmAqJonD6moqnVmtHoLfiMxoAtNg', 'CbDuMJofpWqmwVq3HzsGqfa9AYZ5VkpdGffRsPA97toU', 1646729710158166900, 1069955330108427469710285718515870, 100000000, 'staked.poolv1.near');
INSERT INTO blocks (block_height, block_hash, prev_block_hash, block_timestamp, total_supply, gas_price, author_account_id) VALUES (60729880, '3vEk9vxsFDUTzUqnBtwn6QLzCht8vvvfLqUBmLLUv7iP', 'CGJfKt9ti578UiqxswFYJW9N3YGmBL7Q4wm574kA3T7Q', 1646394047265196013, 1069406767224158018185923665790581, 100000000, 'abl_pool.poolv1.near');
INSERT INTO blocks (block_height, block_hash, prev_block_hash, block_timestamp, total_supply, gas_price, author_account_id) VALUES (60730899, 'H3ZJF7fD3TUNtc3QrEFf31bVLog7gamZLzicCCRjGCdY', '3dsZJkR1DgGyo3Gxv6FPdjVTds8VesTMbWVghc2Nd6xG', 1646395333166316328, 1069406758104291348356925365790581, 100000000, 'bzam6yjpnfnxsdmjf6pw.poolv1.near');
INSERT INTO blocks (block_height, block_hash, prev_block_hash, block_timestamp, total_supply, gas_price, author_account_id) VALUES (60997813, '5fs91Yxmrp4mJ8YmVWMPYGrprdeW6DNEXcCqxG7ECL6i', '2TVfdtSEQJ5oMBUrNJpsVLRSh93DEQanBVrnP4uuVzNB', 1646729907247772841, 1069955329310810825578065318515870, 100000000, 'dragonfly.poolv1.near');
INSERT INTO blocks (block_height, block_hash, prev_block_hash, block_timestamp, total_supply, gas_price, author_account_id) VALUES (61016537, '7hzE6KMeXEVZSiCGK25ZX29TcKn4pQbg2Urz9Z2DuoDN', '47d1wNRndxjwdwE4SnNUt7itaBUPSWXSZsJ8gQCUDZnR', 1646753418339417767, 1070046639297931392440396899100971, 100000000, 'epic.poolv1.near');
INSERT INTO blocks (block_height, block_hash, prev_block_hash, block_timestamp, total_supply, gas_price, author_account_id) VALUES (61001476, '7herWHWQ47b183QSoY9Ssai8aJsG4JXkStBA4QuN3ZMZ', '9yJx4oCJEJgWJoRokDY7ePLBMAafQ66kCVBGiGwrjXbe', 1646734468133596311, 1069955310316025086989193218515870, 100000000, 'figment.poolv1.near');
INSERT INTO blocks (block_height, block_hash, prev_block_hash, block_timestamp, total_supply, gas_price, author_account_id) VALUES (60730766, '99Gy3B3UZ7419qxeWVzpzt7UEvVWyYDRUm692Fnotgvs', 'BariCx431pJLbZbQph84e64CXxKXnpfzWuKN2phhhoYs', 1646395163846493413, 1069406759827711310345241865790581, 100000000, 'bzam6yjpnfnxsdmjf6pw.poolv1.near');
INSERT INTO blocks (block_height, block_hash, prev_block_hash, block_timestamp, total_supply, gas_price, author_account_id) VALUES (60730358, '5kzG8GceNU5bktXwYJZNuHxJzbBNy3ujaitom2Es4RKu', 'FfzK8FJFjPrSHiJmxhrC8CRuhgyvTUDyGGVvvep2HgST', 1646394647127421437, 1069406764611606104558641865790581, 100000000, 'hashquark.poolv1.near');
INSERT INTO blocks (block_height, block_hash, prev_block_hash, block_timestamp, total_supply, gas_price, author_account_id) VALUES (60996361, 'Xu26JZcgrxySA8cb2k1KzTVeE5K4FsW85GdoWSnZTwn', '9TNUVNqMWjkSDHSjgUvVwYiFqfqM5fUNWqCL8uHc1Zb9', 1646728098522199421, 1069955337788250683426556218515870, 100000000, 'dsrvlabs.poolv1.near');
INSERT INTO blocks (block_height, block_hash, prev_block_hash, block_timestamp, total_supply, gas_price, author_account_id) VALUES (60729751, 'AYhojZKRqV4mziLUD8nSeVAqExzdqax8sb75Xu3gfMNA', 'Dwc1EtX8UUnEWeoRRo94qQC7ofF2Z5yTntnLkyxokfnx', 1646393887048095471, 1069406767944876312263621965790581, 100000000, 'staked.poolv1.near');
INSERT INTO blocks (block_height, block_hash, prev_block_hash, block_timestamp, total_supply, gas_price, author_account_id) VALUES (48856870, '9EBk2Ts5aepE6vMztuKcWqSA67vsDpZbhEqk5chGWJzE', '85bGn6gjWTShwjpxnKMcDj85nwikr2iJK4gSWY1bMGug', 1632824679640349711, 1047106120621762042576016565495994, 100000000, 'dragonfly.poolv1.near');
INSERT INTO blocks (block_height, block_hash, prev_block_hash, block_timestamp, total_supply, gas_price, author_account_id) VALUES (60729636, 'H9oW2T4Rib53XjiDf5yy3jiAJbQ9oPmCooQwugvCvYxL', 'HbbN1xDqKrauRvRFpSWFMHjXaoD49WLBfAQeb43mZZJZ', 1646393741659301870, 1069406768723797361984502465790581, 100000000, 'nc2.poolv1.near');
INSERT INTO blocks (block_height, block_hash, prev_block_hash, block_timestamp, total_supply, gas_price, author_account_id) VALUES (60730424, '6TbFTjnGaqq9WAqwofvtuso2y5ZWJrAqxc2g4gFfiWYX', 'CuVHZCP3VGnrq9o9nP4Z96AiJaB8MWES5rEBKdmEMCGx', 1646394731266103143, 1069406763389307358633534565790581, 100000000, 'ashert.poolv1.near');
INSERT INTO blocks (block_height, block_hash, prev_block_hash, block_timestamp, total_supply, gas_price, author_account_id) VALUES (60997037, '53Y1yUxNHp2i3dH6LtYz8CmBJSHE9aJhcBi75kKzbFNB', 'Deqo4JTuCAkfbhudXBixUUDTcKmHpowHNNkNNhVsqkBb', 1646728951427022766, 1069955333637793605717832118515870, 100000000, 'smart-stake.poolv1.near');
INSERT INTO blocks (block_height, block_hash, prev_block_hash, block_timestamp, total_supply, gas_price, author_account_id) VALUES (60729680, 'FyUjmKSh4haAPY8LnuDaNULwMdv1wBF4iABVX4QPxnEZ', 'HgsJXg8WA4WVsuWLUaWkotaNZk6u6nuuUu3c8sANr4xL', 1646393797488301329, 1069406768361973533183659565790581, 100000000, 'foundry.poolv1.near');
INSERT INTO blocks (block_height, block_hash, prev_block_hash, block_timestamp, total_supply, gas_price, author_account_id) VALUES (60997114, '7VuBASsbrnTxetC9JTBYXCMc6SSJQ45ghTXH8wF5hurR', 'ACtNYZTQm5TkatAHbAcTCmMBfXBt2XdHC9yv3JmdkpLM', 1646729046320507461, 1069955333242947852640479818515870, 100000000, 'finoa.poolv1.near');
INSERT INTO blocks (block_height, block_hash, prev_block_hash, block_timestamp, total_supply, gas_price, author_account_id) VALUES (60996990, 'Grn6dVo3np7L1aJn38NQ9WPfivshEH7nkVVHLYZ3Fy6e', 'EaHTPCg6YKAo6BieLSPmw5MR7FneiQNYqRwQXHWkqYw6', 1646728893879838061, 1069955333875703752350966118515870, 100000000, 'electric.poolv1.near');
INSERT INTO blocks (block_height, block_hash, prev_block_hash, block_timestamp, total_supply, gas_price, author_account_id) VALUES (60997326, '8WmyRkafPpf8yFL9i7wCefNaDuWtBb4VX2qyMgky652Z', '69arWJx4JakyFCp5VQ2UjR8qtPGc7dEmCxU1U5tMCRei', 1646729310440052865, 1069955332041150365869972618515870, 100000000, 'aurora.pool.near');
INSERT INTO blocks (block_height, block_hash, prev_block_hash, block_timestamp, total_supply, gas_price, author_account_id) VALUES (60996137, 'AHM2qMTJ63X2DKTgT4JfwbVmYQpt4yrex9KCLaMZoMBG', '4rZGEMZY56TNXBvcpKZwxEytL6AuUM1P8WPbmKEuLLBN', 1646727822331761056, 1069955339097964945717254518515870, 100000000, 'staked.poolv1.near');
INSERT INTO blocks (block_height, block_hash, prev_block_hash, block_timestamp, total_supply, gas_price, author_account_id) VALUES (60996948, 'ES8ie5FZvdYSxvNTU2WZsYxtKE7w1f5eFaTwVz42PS6A', 'G7ktUyzDBsEdZSTFpk1C7EEy9um23kK2PgjVgeN3Un9h', 1646728839790378769, 1069955334139480446021411718515870, 100000000, 'hb436_pool.poolv1.near');
INSERT INTO blocks (block_height, block_hash, prev_block_hash, block_timestamp, total_supply, gas_price, author_account_id) VALUES (61001616, '8XDwGNgwZy265p6a9HycKxMYUk7AmCtDWfA5NRNc1QEt', 'FuYEjCYwy8Mz7jaquQemMsTkBj2vcUERRHP6YyS11DpF', 1646734639664804840, 1069955309464971185480666018515870, 100000000, 'aurora.pool.near');
INSERT INTO blocks (block_height, block_hash, prev_block_hash, block_timestamp, total_supply, gas_price, author_account_id) VALUES (60730588, '3h6twoU3m6UYkUHi3k5nNBBmW6Mp1VmmTkFRNaTHBc5p', '7DRTr4P7gVT3xNHq6iU4PYFhmtdHPTkNF6EibJ5iBLdE', 1646394938774931308, 1069406761262959615301756865790581, 100000000, 'bisontrails.poolv1.near');
INSERT INTO blocks (block_height, block_hash, prev_block_hash, block_timestamp, total_supply, gas_price, author_account_id) VALUES (64751176, '4TYTqERDTQ8vUGvFNFVrvVa2CK6L9MyKLS7NNVmVowS1', 'C87RCKNeGLb2F7TY1RfEGGUh25yf1t6CChYopoboaPG9', 1651505466059473141, 1078007368608334921135680169548494, 100000000, 'hashquark.poolv1.near');
INSERT INTO blocks (block_height, block_hash, prev_block_hash, block_timestamp, total_supply, gas_price, author_account_id) VALUES (60729827, '4AkwtsxgTzyccKfX6YQiS9Uq2qi9WV28Rb3LchH7mYPc', 'FJ7TWS5SrepssB2Z1AvxwCpkurndwDR5b9prRkSRAHz6', 1646393979990202926, 1069406767514154948547814365790581, 100000000, 'sharpdarts.poolv1.near');
INSERT INTO blocks (block_height, block_hash, prev_block_hash, block_timestamp, total_supply, gas_price, author_account_id) VALUES (60996423, '53CQbcCgRAQ3BZwfWcUhUMXFj6F1du2GqLsYbbC65s2n', '2YxMsWoxghLZFrFLBgpTighvCNV2wzLhcqsWVZ7jnVgD', 1646728174359737690, 1069955337481302462192881418515870, 100000000, 'bzam6yjpnfnxsdmjf6pw.poolv1.near');
INSERT INTO blocks (block_height, block_hash, prev_block_hash, block_timestamp, total_supply, gas_price, author_account_id) VALUES (60997157, '3kFHAuXXHFCbLd4vkKyw6vSzVsv4pBzCsNS3otSNuRQ4', '6f5WiVXHgbzpSPAV9bqSMaJDgSNh5GNX3m9hqoMrYUs4', 1646729098988228329, 1069955333007178181918834718515870, 100000000, 'zkv_staketosupportprivacy.poolv1.near');
INSERT INTO blocks (block_height, block_hash, prev_block_hash, block_timestamp, total_supply, gas_price, author_account_id) VALUES (60996909, 'BvNXZKYAuMKwG1cpcyZxjsJAwyHTScDVk9YcSnNFCcCd', 'BpVVLvoSN5XZby5y7a2hv8XPv73hjmrbYJENsP9VK6mo', 1646728788737262414, 1069955334313858507274015218515870, 100000000, 'astro-stakers.poolv1.near');
INSERT INTO blocks (block_height, block_hash, prev_block_hash, block_timestamp, total_supply, gas_price, author_account_id) VALUES (60997541, 'QvJEYSA35Da2N9mLz7Vb9hg2FjDzTrU972t8mfmo62Y', '24ZiWhrhA9ZAB8cUSZm2BAg6JoLkPgA8bHm4frrJrmzG', 1646729573920214557, 1069955330735814742461068118515870, 100000000, 'masternode24.poolv1.near');

INSERT INTO execution_outcomes (receipt_id, executed_in_block_hash, executed_in_block_timestamp, index_in_chunk, gas_burnt, tokens_burnt, executor_account_id, status, shard_id) VALUES ('6zvAVR5e3D1XkHVNXKG8aNxuv2uXFSRUXPhLV2UZuehb', '52qJFLiWtAEQo3y5ZhjxonQTnEEKW3HcycB4hXHp36wJ', 1659425577670677628, 2, 3780917879817, 378091787981700000000, 'a0b86991c6218b36c1d19d4a2e9eb0ce3606eb48.factory.bridge.near', 'SUCCESS_VALUE', 0);
INSERT INTO execution_outcomes (receipt_id, executed_in_block_hash, executed_in_block_timestamp, index_in_chunk, gas_burnt, tokens_burnt, executor_account_id, status, shard_id) VALUES ('6US2dPJJFEPkomNUA1HKvnSRfEUBLGNkXJyEHVjLABNk', 'Dad6wzvqtcvQua6hTKXyFt3vSJpWwwuVYiNFpX7ubAEF', 1646394319975176472, 4, 10067300519410, 1006730051941000000000, 'a0b86991c6218b36c1d19d4a2e9eb0ce3606eb48.factory.bridge.near', 'SUCCESS_RECEIPT_ID', 0);
INSERT INTO execution_outcomes (receipt_id, executed_in_block_hash, executed_in_block_timestamp, index_in_chunk, gas_burnt, tokens_burnt, executor_account_id, status, shard_id) VALUES ('HWdLXQ8sSB2xyv5v5jFwxkJxFdjydmqBC39xSjkAWZSH', '8xjaniRhDjsRatdCmNiA4Wvzxh97D6SEFV2q2DaJRZDy', 1646727972821253890, 1, 48254599425865, 4825459942586500000000, 'x.paras.near', 'SUCCESS_VALUE', 3);
INSERT INTO execution_outcomes (receipt_id, executed_in_block_hash, executed_in_block_timestamp, index_in_chunk, gas_burnt, tokens_burnt, executor_account_id, status, shard_id) VALUES ('5bvHRdH9s1zk1sXuBsv4j16sLE4mqWo3DQxDzeBf4goQ', 'Gs47DdPY7CEmczkZjpJNMyurYvbjFq1oh8Kkaty28vo8', 1666881098583560038, 0, 6074350891338, 607435089133800000000, 'nfendowment03.near', 'SUCCESS_RECEIPT_ID', 3);
INSERT INTO execution_outcomes (receipt_id, executed_in_block_hash, executed_in_block_timestamp, index_in_chunk, gas_burnt, tokens_burnt, executor_account_id, status, shard_id) VALUES ('KGjLkZ1jTvvfbYcDjS4Sr7vumrTGpwPM2nBbXSzhH71', 'A233cqemUyFShM7TkU7GZEA8Ban6dUN9GHjySRJEXq6v', 1646395096488193483, 0, 4560581360529, 456058136052900000000, 'token.v2.ref-finance.near', 'SUCCESS_VALUE', 3);
INSERT INTO execution_outcomes (receipt_id, executed_in_block_hash, executed_in_block_timestamp, index_in_chunk, gas_burnt, tokens_burnt, executor_account_id, status, shard_id) VALUES ('HpMfG5HTjVEmw2PBq7J8tBy9k4pemr1j2emtLaCEu8FW', 'GKvWe6hJ9h1TWFgWWwYzBMmJG6p959hSdV1gDLcBN1EK', 1646393106196645500, 2, 6144900315164, 614490031516400000000, 'near', 'SUCCESS_RECEIPT_ID', 3);
INSERT INTO execution_outcomes (receipt_id, executed_in_block_hash, executed_in_block_timestamp, index_in_chunk, gas_burnt, tokens_burnt, executor_account_id, status, shard_id) VALUES ('znZaVgBnZ7gWHBXGUpp49DRurMpx9behKovpyujPRkP', '7Gss6o1inJvE1nxe8D84G4ajGWEgEgnmE3BCxtQUkEfY', 1646729130380275492, 3, 4287144157097, 428714415709700000000, 'multisender.app.near', 'SUCCESS_VALUE', 3);
INSERT INTO execution_outcomes (receipt_id, executed_in_block_hash, executed_in_block_timestamp, index_in_chunk, gas_burnt, tokens_burnt, executor_account_id, status, shard_id) VALUES ('43V76aigJJyRPprBj5S472BkRcPoodkbTK33QxWPd6NA', '21ktUqRwtx4P55fCvmAqJonD6moqnVmtHoLfiMxoAtNg', 1646729710158166900, 2, 9289792200725, 928979220072500000000, 'stardust.poolv1.near', 'SUCCESS_VALUE', 3);
INSERT INTO execution_outcomes (receipt_id, executed_in_block_hash, executed_in_block_timestamp, index_in_chunk, gas_burnt, tokens_burnt, executor_account_id, status, shard_id) VALUES ('G4HpHm39jUamQ8oRv939aJqWx5wKq2BZkSZVg9KK3AgV', '3vEk9vxsFDUTzUqnBtwn6QLzCht8vvvfLqUBmLLUv7iP', 1646394047265196013, 4, 9893114332433, 989311433243300000000, 'wrap.near', 'SUCCESS_RECEIPT_ID', 3);
INSERT INTO execution_outcomes (receipt_id, executed_in_block_hash, executed_in_block_timestamp, index_in_chunk, gas_burnt, tokens_burnt, executor_account_id, status, shard_id) VALUES ('E2tHsqkVpoDoCBsuj5PHA1jyHRLFkRdpD1DVLESLXG73', 'H3ZJF7fD3TUNtc3QrEFf31bVLog7gamZLzicCCRjGCdY', 1646395333166316328, 12, 8900896680498, 890089668049800000000, 'xtoken.ref-finance.near', 'SUCCESS_RECEIPT_ID', 3);
INSERT INTO execution_outcomes (receipt_id, executed_in_block_hash, executed_in_block_timestamp, index_in_chunk, gas_burnt, tokens_burnt, executor_account_id, status, shard_id) VALUES ('EupUF727HCtxMMDULHv6mpMW2Kk8AN4xCM9o7H6z68Lo', '5fs91Yxmrp4mJ8YmVWMPYGrprdeW6DNEXcCqxG7ECL6i', 1646729907247772841, 1, 17326407570258, 1732640757025800000000, 'lockup.near', 'SUCCESS_RECEIPT_ID', 3);
INSERT INTO execution_outcomes (receipt_id, executed_in_block_hash, executed_in_block_timestamp, index_in_chunk, gas_burnt, tokens_burnt, executor_account_id, status, shard_id) VALUES ('7kYizEUDjWrgijGC8vDcLmRhhpc6Uc6PvEdWG92CCJ3h', '7hzE6KMeXEVZSiCGK25ZX29TcKn4pQbg2Urz9Z2DuoDN', 1646753418339417767, 0, 14730072009270, 1473007200927000000000, 'nfendowment01.near', 'SUCCESS_RECEIPT_ID', 3);
INSERT INTO execution_outcomes (receipt_id, executed_in_block_hash, executed_in_block_timestamp, index_in_chunk, gas_burnt, tokens_burnt, executor_account_id, status, shard_id) VALUES ('3iLDZCpKkZhNMWp6HFu5eVCSEbw9cVXzD2BfL9UtpqXK', '7herWHWQ47b183QSoY9Ssai8aJsG4JXkStBA4QuN3ZMZ', 1646734468133596311, 0, 12886080250058, 1288608025005800000000, 'wrap.near', 'SUCCESS_RECEIPT_ID', 3);
INSERT INTO execution_outcomes (receipt_id, executed_in_block_hash, executed_in_block_timestamp, index_in_chunk, gas_burnt, tokens_burnt, executor_account_id, status, shard_id) VALUES ('A8Xxd1Fz6Lo5qQ9iM7XPPAKv1UoA1D1HfRj5wnuU689Y', '99Gy3B3UZ7419qxeWVzpzt7UEvVWyYDRUm692Fnotgvs', 1646395163846493413, 6, 18623860841485, 1862386084148500000000, 'v2.ref-farming.near', 'SUCCESS_VALUE', 3);
INSERT INTO execution_outcomes (receipt_id, executed_in_block_hash, executed_in_block_timestamp, index_in_chunk, gas_burnt, tokens_burnt, executor_account_id, status, shard_id) VALUES ('GJxRRo7oF1qxTCQ5dfKdzWrw5Zygf8VmGtg9VUnM3ofq', '5kzG8GceNU5bktXwYJZNuHxJzbBNy3ujaitom2Es4RKu', 1646394647127421437, 5, 10168382032488, 1016838203248800000000, 'v2.ref-finance.near', 'SUCCESS_VALUE', 3);
INSERT INTO execution_outcomes (receipt_id, executed_in_block_hash, executed_in_block_timestamp, index_in_chunk, gas_burnt, tokens_burnt, executor_account_id, status, shard_id) VALUES ('5Y3NNSNn14LRwNrcDvX2B1Tw6vF6T55uC2dz96weEcoG', 'Xu26JZcgrxySA8cb2k1KzTVeE5K4FsW85GdoWSnZTwn', 1646728098522199421, 3, 9249759209194, 924975920919400000000, 'x.paras.near', 'SUCCESS_VALUE', 3);
INSERT INTO execution_outcomes (receipt_id, executed_in_block_hash, executed_in_block_timestamp, index_in_chunk, gas_burnt, tokens_burnt, executor_account_id, status, shard_id) VALUES ('HzCgTdvmsqTywgH63Yk6GYCBT3N1b8TmfdN7nLNC2jhh', 'AYhojZKRqV4mziLUD8nSeVAqExzdqax8sb75Xu3gfMNA', 1646393887048095471, 0, 11952346036857, 1195234603685700000000, 'newafro.near', 'SUCCESS_RECEIPT_ID', 3);
INSERT INTO execution_outcomes (receipt_id, executed_in_block_hash, executed_in_block_timestamp, index_in_chunk, gas_burnt, tokens_burnt, executor_account_id, status, shard_id) VALUES ('CUS3y7n8mgV2ED3VP7LUQQUf4fmqxqsPSAM9bnwNowPP', '9EBk2Ts5aepE6vMztuKcWqSA67vsDpZbhEqk5chGWJzE', 1632824679640349711, 0, 13454572386633, 1345457238663300000000, 'nfendowment01.near', 'SUCCESS_RECEIPT_ID', 0);
INSERT INTO execution_outcomes (receipt_id, executed_in_block_hash, executed_in_block_timestamp, index_in_chunk, gas_burnt, tokens_burnt, executor_account_id, status, shard_id) VALUES ('8ggVvSUo7PEB4rLTXRrQvLAZoHXUtusK8ssBZLkQ5oEH', 'H9oW2T4Rib53XjiDf5yy3jiAJbQ9oPmCooQwugvCvYxL', 1646393741659301870, 8, 223182562500, 22318256250000000000, 'linkdropping.near', 'SUCCESS_VALUE', 3);
INSERT INTO execution_outcomes (receipt_id, executed_in_block_hash, executed_in_block_timestamp, index_in_chunk, gas_burnt, tokens_burnt, executor_account_id, status, shard_id) VALUES ('F5vaYuHPZgqKbNcjnJ9iJam62yp1ForjJ8LQCpDATjgh', '6TbFTjnGaqq9WAqwofvtuso2y5ZWJrAqxc2g4gFfiWYX', 1646394731266103143, 5, 4586199315145, 458619931514500000000, 'v2.ref-farming.near', 'SUCCESS_VALUE', 3);
INSERT INTO execution_outcomes (receipt_id, executed_in_block_hash, executed_in_block_timestamp, index_in_chunk, gas_burnt, tokens_burnt, executor_account_id, status, shard_id) VALUES ('HSNsWrxL5FrnXstbTQfb5hZHiCGysTd5Zkd4MbLhrLX1', '53Y1yUxNHp2i3dH6LtYz8CmBJSHE9aJhcBi75kKzbFNB', 1646728951427022766, 2, 6121795981675, 612179598167500000000, 'test-dao-bro.sputnik-dao.near', 'SUCCESS_RECEIPT_ID', 3);
INSERT INTO execution_outcomes (receipt_id, executed_in_block_hash, executed_in_block_timestamp, index_in_chunk, gas_burnt, tokens_burnt, executor_account_id, status, shard_id) VALUES ('4LgCKrU63fGMeJGvD9ufCNn4h3Sp8bvzF42kgHWMpw51', 'FyUjmKSh4haAPY8LnuDaNULwMdv1wBF4iABVX4QPxnEZ', 1646393797488301329, 0, 5961166056698, 596116605669800000000, 'newafro.near', 'SUCCESS_VALUE', 3);
INSERT INTO execution_outcomes (receipt_id, executed_in_block_hash, executed_in_block_timestamp, index_in_chunk, gas_burnt, tokens_burnt, executor_account_id, status, shard_id) VALUES ('5ANwuVG8W9m1me4VZfpR9zYnwqmab2zC24ThgBSrtLRn', '7VuBASsbrnTxetC9JTBYXCMc6SSJQ45ghTXH8wF5hurR', 1646729046320507461, 3, 9381887785290, 938188778529000000000, 'multisender.app.near', 'SUCCESS_VALUE', 3);
INSERT INTO execution_outcomes (receipt_id, executed_in_block_hash, executed_in_block_timestamp, index_in_chunk, gas_burnt, tokens_burnt, executor_account_id, status, shard_id) VALUES ('HGu1i41UC6pCY4uRqaxnYmeLsHnG5UhvF8wy3Ft7ziy3', 'Grn6dVo3np7L1aJn38NQ9WPfivshEH7nkVVHLYZ3Fy6e', 1646728893879838061, 0, 4764232950114, 476423295011400000000, 'test-dao-bro.sputnik-dao.near', 'SUCCESS_VALUE', 3);
INSERT INTO execution_outcomes (receipt_id, executed_in_block_hash, executed_in_block_timestamp, index_in_chunk, gas_burnt, tokens_burnt, executor_account_id, status, shard_id) VALUES ('DJrDN4AWzmb8k8nRiZeQibWCJcizTHf96x2xeiqfFHYg', '8WmyRkafPpf8yFL9i7wCefNaDuWtBb4VX2qyMgky652Z', 1646729310440052865, 0, 29731039184951, 2973103918495100000000, 'v2.ref-finance.near', 'SUCCESS_RECEIPT_ID', 3);
INSERT INTO execution_outcomes (receipt_id, executed_in_block_hash, executed_in_block_timestamp, index_in_chunk, gas_burnt, tokens_burnt, executor_account_id, status, shard_id) VALUES ('4BwKynMch9naQZZwD3VqJKowkq4PMktDAbqrAgtJBpRv', 'AHM2qMTJ63X2DKTgT4JfwbVmYQpt4yrex9KCLaMZoMBG', 1646727822331761056, 1, 5499555990696, 549955599069600000000, 'token.v2.ref-finance.near', 'SUCCESS_VALUE', 3);
INSERT INTO execution_outcomes (receipt_id, executed_in_block_hash, executed_in_block_timestamp, index_in_chunk, gas_burnt, tokens_burnt, executor_account_id, status, shard_id) VALUES ('88ud3XWwJv23MCRjmWsj9tP1hMsLAoqt7HsEKchikLGh', 'ES8ie5FZvdYSxvNTU2WZsYxtKE7w1f5eFaTwVz42PS6A', 1646728839790378769, 2, 223182562500, 22318256250000000000, 'test-dao-bro.sputnik-dao.near', 'SUCCESS_VALUE', 3);
INSERT INTO execution_outcomes (receipt_id, executed_in_block_hash, executed_in_block_timestamp, index_in_chunk, gas_burnt, tokens_burnt, executor_account_id, status, shard_id) VALUES ('51KpJ6ut71QRQx2ECBzy9ik3WiwoNQw9CBZwrPS3iu6G', '8XDwGNgwZy265p6a9HycKxMYUk7AmCtDWfA5NRNc1QEt', 1646734639664804840, 1, 2962342812988, 296234281298800000000, 'e-near.near', 'SUCCESS_VALUE', 2);
INSERT INTO execution_outcomes (receipt_id, executed_in_block_hash, executed_in_block_timestamp, index_in_chunk, gas_burnt, tokens_burnt, executor_account_id, status, shard_id) VALUES ('9nRxeGJFt9xTtUruZu2iWRFyhRNTLdTQxuKAdMaAa3zB', '3h6twoU3m6UYkUHi3k5nNBBmW6Mp1VmmTkFRNaTHBc5p', 1646394938774931308, 2, 8491742911260, 849174291126000000000, 'v2.ref-farming.near', 'SUCCESS_VALUE', 3);
INSERT INTO execution_outcomes (receipt_id, executed_in_block_hash, executed_in_block_timestamp, index_in_chunk, gas_burnt, tokens_burnt, executor_account_id, status, shard_id) VALUES ('9WNAL2emFAbot9Ca5DXkyJCXrFgkfRrX1YtDHkvcvwHx', '4TYTqERDTQ8vUGvFNFVrvVa2CK6L9MyKLS7NNVmVowS1', 1651505466059473141, 10, 223182562500, 22318256250000000000, 'nf-payments1.near', 'SUCCESS_VALUE', 3);
INSERT INTO execution_outcomes (receipt_id, executed_in_block_hash, executed_in_block_timestamp, index_in_chunk, gas_burnt, tokens_burnt, executor_account_id, status, shard_id) VALUES ('4BwMBTRKbnaRMH4Fqm3AQM4kU1G9GeSybad9wrc4cdxS', '4AkwtsxgTzyccKfX6YQiS9Uq2qi9WV28Rb3LchH7mYPc', 1646393979990202926, 1, 4034625364772, 403462536477200000000, 'wrap.near', 'SUCCESS_VALUE', 3);
INSERT INTO execution_outcomes (receipt_id, executed_in_block_hash, executed_in_block_timestamp, index_in_chunk, gas_burnt, tokens_burnt, executor_account_id, status, shard_id) VALUES ('66DcPAETUf7RhJAXJXiBm6WE43S5fQ7HgCiZCW1tdUPc', '53CQbcCgRAQ3BZwfWcUhUMXFj6F1du2GqLsYbbC65s2n', 1646728174359737690, 0, 5405985391655, 540598539165500000000, 'near', 'SUCCESS_RECEIPT_ID', 3);
INSERT INTO execution_outcomes (receipt_id, executed_in_block_hash, executed_in_block_timestamp, index_in_chunk, gas_burnt, tokens_burnt, executor_account_id, status, shard_id) VALUES ('TKEJxuD2LH4Sq52WBQgVSx21LE3GKFiUb9rSb4ZnmBV', '3kFHAuXXHFCbLd4vkKyw6vSzVsv4pBzCsNS3otSNuRQ4', 1646729098988228329, 1, 3694497577284, 369449757728400000000, 'multisender.app.near', 'SUCCESS_VALUE', 3);
INSERT INTO execution_outcomes (receipt_id, executed_in_block_hash, executed_in_block_timestamp, index_in_chunk, gas_burnt, tokens_burnt, executor_account_id, status, shard_id) VALUES ('6cno4ozxmkJHWHzNL2s1QjVHjsYq5HqfQ5qSNfG4y5NJ', 'BvNXZKYAuMKwG1cpcyZxjsJAwyHTScDVk9YcSnNFCcCd', 1646728788737262414, 5, 20357214562052, 2035721456205200000000, 'sputnik-dao.near', 'SUCCESS_RECEIPT_ID', 3);
INSERT INTO execution_outcomes (receipt_id, executed_in_block_hash, executed_in_block_timestamp, index_in_chunk, gas_burnt, tokens_burnt, executor_account_id, status, shard_id) VALUES ('CXfUqKyRMSY8JT2tkfxk1P9zWDjFVZhET76qE217BRVZ', 'QvJEYSA35Da2N9mLz7Vb9hg2FjDzTrU972t8mfmo62Y', 1646729573920214557, 2, 8970675806666, 897067580666600000000, 'stardust.poolv1.near', 'SUCCESS_VALUE', 3);

INSERT INTO receipts (receipt_id, included_in_block_hash, included_in_chunk_hash, index_in_chunk, included_in_block_timestamp, predecessor_account_id, receiver_account_id, receipt_kind, originated_from_transaction_hash) VALUES ('6zvAVR5e3D1XkHVNXKG8aNxuv2uXFSRUXPhLV2UZuehb', '52qJFLiWtAEQo3y5ZhjxonQTnEEKW3HcycB4hXHp36wJ', 'H9Ft7wn3KG3M2NFNP3W7cSBjAWcpU1VkxaN8NF1t6odC', 1, 1659425577670677628, 'nf-payments.near', 'a0b86991c6218b36c1d19d4a2e9eb0ce3606eb48.factory.bridge.near', 'ACTION', '2wgMV44CLoBEnXGtpiypkEBhD93qSM4Po6LhJ8oUjLE1');
INSERT INTO receipts (receipt_id, included_in_block_hash, included_in_chunk_hash, index_in_chunk, included_in_block_timestamp, predecessor_account_id, receiver_account_id, receipt_kind, originated_from_transaction_hash) VALUES ('6US2dPJJFEPkomNUA1HKvnSRfEUBLGNkXJyEHVjLABNk', 'Dad6wzvqtcvQua6hTKXyFt3vSJpWwwuVYiNFpX7ubAEF', '365iq83mPtEWxRxtDEHk2UsosyEFSiEZDV2ZcmubopyM', 3, 1646394319975176472, 'newafro.near', 'a0b86991c6218b36c1d19d4a2e9eb0ce3606eb48.factory.bridge.near', 'ACTION', 'C9jJx747tTb4oqBZqLZa3T12VDXbsCLErDsKQXjpWRi6');
INSERT INTO receipts (receipt_id, included_in_block_hash, included_in_chunk_hash, index_in_chunk, included_in_block_timestamp, predecessor_account_id, receiver_account_id, receipt_kind, originated_from_transaction_hash) VALUES ('HWdLXQ8sSB2xyv5v5jFwxkJxFdjydmqBC39xSjkAWZSH', '8xjaniRhDjsRatdCmNiA4Wvzxh97D6SEFV2q2DaJRZDy', 'Dowe2owQTvnZRBw3AhxJpyKowjLpi7VwnTTmqqXxcMh3', 1, 1646727972821253890, 'newafro.near', 'x.paras.near', 'ACTION', '4H8igWBSUo5DR74jBbmq4vpKAvcjanTJ5Ep6VaASiP1j');
INSERT INTO receipts (receipt_id, included_in_block_hash, included_in_chunk_hash, index_in_chunk, included_in_block_timestamp, predecessor_account_id, receiver_account_id, receipt_kind, originated_from_transaction_hash) VALUES ('5bvHRdH9s1zk1sXuBsv4j16sLE4mqWo3DQxDzeBf4goQ', 'Gs47DdPY7CEmczkZjpJNMyurYvbjFq1oh8Kkaty28vo8', '3bjbqUEeijcb2AQps4g9LJvUshuJaP49W8A1iNqErpVG', 0, 1666881098583560038, 'nfendowment03.near', 'nfendowment03.near', 'ACTION', '3dqxSssGJpz8pGTb5FB8M2u6G4VjBqReAm1KMg7no6fE');
INSERT INTO receipts (receipt_id, included_in_block_hash, included_in_chunk_hash, index_in_chunk, included_in_block_timestamp, predecessor_account_id, receiver_account_id, receipt_kind, originated_from_transaction_hash) VALUES ('KGjLkZ1jTvvfbYcDjS4Sr7vumrTGpwPM2nBbXSzhH71', 'A233cqemUyFShM7TkU7GZEA8Ban6dUN9GHjySRJEXq6v', '7Fsq88uEo4NxvxZAd97zizc7qqBWVTFWSnxQLuXSFhZ', 0, 1646395096488193483, 'newafro.near', 'token.v2.ref-finance.near', 'ACTION', 'HEwRgBMb11z9fzY4b6c4mHNRFAaddYsb63K5mfoNSA7u');
INSERT INTO receipts (receipt_id, included_in_block_hash, included_in_chunk_hash, index_in_chunk, included_in_block_timestamp, predecessor_account_id, receiver_account_id, receipt_kind, originated_from_transaction_hash) VALUES ('HpMfG5HTjVEmw2PBq7J8tBy9k4pemr1j2emtLaCEu8FW', 'GKvWe6hJ9h1TWFgWWwYzBMmJG6p959hSdV1gDLcBN1EK', 'AEYyTheWn8oD6R5mc5GxhNtizNJM17Mpq1dHpuqLbuJF', 1, 1646393106196645500, '54a698eae4063a944e673debe90a0287fdc278250179e3c1d580ec418f36e79b', 'near', 'ACTION', 'FzfAU2MWTj76L3jRWo6wYQSmj1WR6GdHZNZZ5fKfVUjm');
INSERT INTO receipts (receipt_id, included_in_block_hash, included_in_chunk_hash, index_in_chunk, included_in_block_timestamp, predecessor_account_id, receiver_account_id, receipt_kind, originated_from_transaction_hash) VALUES ('znZaVgBnZ7gWHBXGUpp49DRurMpx9behKovpyujPRkP', '7Gss6o1inJvE1nxe8D84G4ajGWEgEgnmE3BCxtQUkEfY', 'Bpa8hykpqSnxruv5DjEDBW3fBWR3eDf931inXVc9Po2Y', 1, 1646729130380275492, 'newafro.near', 'multisender.app.near', 'ACTION', 'G6BeJHJqZuYG1At2KUgxEqduNApZAyZaguHcws1vQ9tk');
INSERT INTO receipts (receipt_id, included_in_block_hash, included_in_chunk_hash, index_in_chunk, included_in_block_timestamp, predecessor_account_id, receiver_account_id, receipt_kind, originated_from_transaction_hash) VALUES ('43V76aigJJyRPprBj5S472BkRcPoodkbTK33QxWPd6NA', '21ktUqRwtx4P55fCvmAqJonD6moqnVmtHoLfiMxoAtNg', 'BDnmSDT2Ua746TTpugWzt3kFgAjnpGeQX2bcGS5j3fi1', 4, 1646729710158166900, 'newafro.near', 'stardust.poolv1.near', 'ACTION', 'Aga3Kfp7KZzXjamL3iH1EJSqdaj77aE4J53Vsz4busGq');
INSERT INTO receipts (receipt_id, included_in_block_hash, included_in_chunk_hash, index_in_chunk, included_in_block_timestamp, predecessor_account_id, receiver_account_id, receipt_kind, originated_from_transaction_hash) VALUES ('G4HpHm39jUamQ8oRv939aJqWx5wKq2BZkSZVg9KK3AgV', '3vEk9vxsFDUTzUqnBtwn6QLzCht8vvvfLqUBmLLUv7iP', 'Gk2fANgJb4RcnNzL3a23rniTKDKfh8nXzLCap5bLQF3n', 1, 1646394047265196013, 'newafro.near', 'wrap.near', 'ACTION', 'FnRqwXkEnP7AChHpPRyaDjBgHRhCgw64UEzXxncyG6gs');
INSERT INTO receipts (receipt_id, included_in_block_hash, included_in_chunk_hash, index_in_chunk, included_in_block_timestamp, predecessor_account_id, receiver_account_id, receipt_kind, originated_from_transaction_hash) VALUES ('E2tHsqkVpoDoCBsuj5PHA1jyHRLFkRdpD1DVLESLXG73', 'H3ZJF7fD3TUNtc3QrEFf31bVLog7gamZLzicCCRjGCdY', '4WWyodYnLQwuAxacTwsLhWi9ADuh4qbXj5driQFYUtiF', 5, 1646395333166316328, 'newafro.near', 'xtoken.ref-finance.near', 'ACTION', 'GrLxZ12FJkk3nX5ab5JcFtUWuLAKJ7gUAgVftWzghjRF');
INSERT INTO receipts (receipt_id, included_in_block_hash, included_in_chunk_hash, index_in_chunk, included_in_block_timestamp, predecessor_account_id, receiver_account_id, receipt_kind, originated_from_transaction_hash) VALUES ('EupUF727HCtxMMDULHv6mpMW2Kk8AN4xCM9o7H6z68Lo', '5fs91Yxmrp4mJ8YmVWMPYGrprdeW6DNEXcCqxG7ECL6i', '5M9XEpq5tWoipWTCeBrnFoRJT1he41H39WPN4xWhAF8k', 2, 1646729907247772841, 'newafro.near', 'lockup.near', 'ACTION', '5wYrKfHw2YvkDbVQhXgwhhvafWuH14jYHgzupLpohhHj');
INSERT INTO receipts (receipt_id, included_in_block_hash, included_in_chunk_hash, index_in_chunk, included_in_block_timestamp, predecessor_account_id, receiver_account_id, receipt_kind, originated_from_transaction_hash) VALUES ('7kYizEUDjWrgijGC8vDcLmRhhpc6Uc6PvEdWG92CCJ3h', '7hzE6KMeXEVZSiCGK25ZX29TcKn4pQbg2Urz9Z2DuoDN', 'EYg3NWKYtdJtNP3gcqHKAtanMdBeLmSj1vpy2Ng3PNqb', 0, 1646753418339417767, 'nfendowment01.near', 'nfendowment01.near', 'ACTION', '51xpbsT2Uinebop1uA68QDu2Rf2PymqgRUDny9tmLN1u');
INSERT INTO receipts (receipt_id, included_in_block_hash, included_in_chunk_hash, index_in_chunk, included_in_block_timestamp, predecessor_account_id, receiver_account_id, receipt_kind, originated_from_transaction_hash) VALUES ('3iLDZCpKkZhNMWp6HFu5eVCSEbw9cVXzD2BfL9UtpqXK', '7herWHWQ47b183QSoY9Ssai8aJsG4JXkStBA4QuN3ZMZ', '9VFnseWF4rajo3N5zcEHg1UVEbw9zMYqgsob6SACwYoQ', 0, 1646734468133596311, 'newafro.near', 'wrap.near', 'ACTION', '5i3cbbnAWpPT2NZL1hsyUPjjLMJqvUTf1fnRcccAJnJV');
INSERT INTO receipts (receipt_id, included_in_block_hash, included_in_chunk_hash, index_in_chunk, included_in_block_timestamp, predecessor_account_id, receiver_account_id, receipt_kind, originated_from_transaction_hash) VALUES ('A8Xxd1Fz6Lo5qQ9iM7XPPAKv1UoA1D1HfRj5wnuU689Y', '99Gy3B3UZ7419qxeWVzpzt7UEvVWyYDRUm692Fnotgvs', 'Hm915vD8yZc1BqQhJoYiz8HzD6CNgKW9MMDoYo1aTvdb', 6, 1646395163846493413, 'newafro.near', 'v2.ref-farming.near', 'ACTION', 'CBVYk7KYwbMmBexucxWbUe9apibk11ZgquX5YmRrVV5');
INSERT INTO receipts (receipt_id, included_in_block_hash, included_in_chunk_hash, index_in_chunk, included_in_block_timestamp, predecessor_account_id, receiver_account_id, receipt_kind, originated_from_transaction_hash) VALUES ('GJxRRo7oF1qxTCQ5dfKdzWrw5Zygf8VmGtg9VUnM3ofq', '5kzG8GceNU5bktXwYJZNuHxJzbBNy3ujaitom2Es4RKu', 'As5U2EosahvAKm2qnzJqt6Pnz4kiVion32wGuywFriT2', 3, 1646394647127421437, 'newafro.near', 'v2.ref-finance.near', 'ACTION', '4p9QaCH4tbnwhiB87kNVTGNWtkqLomsom1QiBhD7MBA6');
INSERT INTO receipts (receipt_id, included_in_block_hash, included_in_chunk_hash, index_in_chunk, included_in_block_timestamp, predecessor_account_id, receiver_account_id, receipt_kind, originated_from_transaction_hash) VALUES ('5Y3NNSNn14LRwNrcDvX2B1Tw6vF6T55uC2dz96weEcoG', 'Xu26JZcgrxySA8cb2k1KzTVeE5K4FsW85GdoWSnZTwn', 'J7nB3rGBRxD1QguXHh94qa8Qr8GvYdTmwKSrpbtXmrWx', 0, 1646728098522199421, 'newafro.near', 'x.paras.near', 'ACTION', '7txqVCimDiP6zcFVYUbKXMGvVLQq9HKiEeu7K1s3gebL');
INSERT INTO receipts (receipt_id, included_in_block_hash, included_in_chunk_hash, index_in_chunk, included_in_block_timestamp, predecessor_account_id, receiver_account_id, receipt_kind, originated_from_transaction_hash) VALUES ('HzCgTdvmsqTywgH63Yk6GYCBT3N1b8TmfdN7nLNC2jhh', 'AYhojZKRqV4mziLUD8nSeVAqExzdqax8sb75Xu3gfMNA', '7Rka1F8uvPkwbTxAUyJokfTWd9tKkFN7PxErE3yKGzPS', 0, 1646393887048095471, 'newafro.near', 'newafro.near', 'ACTION', '482h2CQhp7nToNMnsVY72Ywyz1TPjX6q6V5VwSorDjzF');
INSERT INTO receipts (receipt_id, included_in_block_hash, included_in_chunk_hash, index_in_chunk, included_in_block_timestamp, predecessor_account_id, receiver_account_id, receipt_kind, originated_from_transaction_hash) VALUES ('CUS3y7n8mgV2ED3VP7LUQQUf4fmqxqsPSAM9bnwNowPP', '9EBk2Ts5aepE6vMztuKcWqSA67vsDpZbhEqk5chGWJzE', '61b6zQGVZ6e2KA2Hc7F1KfeoJEMPpUYdY5HHKTmQDTya', 0, 1632824679640349711, 'nfendowment01.near', 'nfendowment01.near', 'ACTION', '9917LYw2QTMhvN2BWb8knCnxyi6yzUUvycUJAbJGt4dM');
INSERT INTO receipts (receipt_id, included_in_block_hash, included_in_chunk_hash, index_in_chunk, included_in_block_timestamp, predecessor_account_id, receiver_account_id, receipt_kind, originated_from_transaction_hash) VALUES ('8ggVvSUo7PEB4rLTXRrQvLAZoHXUtusK8ssBZLkQ5oEH', 'H9oW2T4Rib53XjiDf5yy3jiAJbQ9oPmCooQwugvCvYxL', '9sq9xbNGQZQwhk79Jd3cpnAAvTJZvMmB6prRuFSkZ348', 0, 1646393741659301870, 'newafro.near', 'linkdropping.near', 'ACTION', 'Wc15ScL3hVMJB1EPymmgQ1JwaE14ejpTbPBP2guGDFf');
INSERT INTO receipts (receipt_id, included_in_block_hash, included_in_chunk_hash, index_in_chunk, included_in_block_timestamp, predecessor_account_id, receiver_account_id, receipt_kind, originated_from_transaction_hash) VALUES ('F5vaYuHPZgqKbNcjnJ9iJam62yp1ForjJ8LQCpDATjgh', '6TbFTjnGaqq9WAqwofvtuso2y5ZWJrAqxc2g4gFfiWYX', '3tjUgJMFfbe9f8YuBE9Wkc5tVcAbJ1Q21HED2zAPHMqW', 8, 1646394731266103143, 'newafro.near', 'v2.ref-farming.near', 'ACTION', '35maJRyrCCK6YNW5Mo1z5ovRh2JEb6q6aRUsnhe9XPJ9');
INSERT INTO receipts (receipt_id, included_in_block_hash, included_in_chunk_hash, index_in_chunk, included_in_block_timestamp, predecessor_account_id, receiver_account_id, receipt_kind, originated_from_transaction_hash) VALUES ('HSNsWrxL5FrnXstbTQfb5hZHiCGysTd5Zkd4MbLhrLX1', '53Y1yUxNHp2i3dH6LtYz8CmBJSHE9aJhcBi75kKzbFNB', 'GPEiJdu9FE8i7JruzuqXZ8hQmK8SgiLB8BYwpzWcEmgc', 0, 1646728951427022766, 'newafro.near', 'test-dao-bro.sputnik-dao.near', 'ACTION', '3iMCGrpwyBx5yFYppoUiSmZXdoTghbg642Tq7SYaQjnL');
INSERT INTO receipts (receipt_id, included_in_block_hash, included_in_chunk_hash, index_in_chunk, included_in_block_timestamp, predecessor_account_id, receiver_account_id, receipt_kind, originated_from_transaction_hash) VALUES ('4LgCKrU63fGMeJGvD9ufCNn4h3Sp8bvzF42kgHWMpw51', 'FyUjmKSh4haAPY8LnuDaNULwMdv1wBF4iABVX4QPxnEZ', '878nticf78Ztb4ZShLZHkWrU1SBrWFBADt7AyeyRsjrb', 0, 1646393797488301329, 'newafro.near', 'newafro.near', 'ACTION', 'GLcX3NfUJK9s2UPznNMhNn9L9Go3ikKxMMymW8AM4YJ9');
INSERT INTO receipts (receipt_id, included_in_block_hash, included_in_chunk_hash, index_in_chunk, included_in_block_timestamp, predecessor_account_id, receiver_account_id, receipt_kind, originated_from_transaction_hash) VALUES ('5ANwuVG8W9m1me4VZfpR9zYnwqmab2zC24ThgBSrtLRn', '7VuBASsbrnTxetC9JTBYXCMc6SSJQ45ghTXH8wF5hurR', 'EDxoznFqg1cMB24v7vfBFvy3jHNMSkCxGaXKfaiAeBKa', 1, 1646729046320507461, 'newafro.near', 'multisender.app.near', 'ACTION', 'FGqb2JzR1gVo1CzP2DynWWprH1qSwpLPxE4xbETU8KrB');
INSERT INTO receipts (receipt_id, included_in_block_hash, included_in_chunk_hash, index_in_chunk, included_in_block_timestamp, predecessor_account_id, receiver_account_id, receipt_kind, originated_from_transaction_hash) VALUES ('HGu1i41UC6pCY4uRqaxnYmeLsHnG5UhvF8wy3Ft7ziy3', 'Grn6dVo3np7L1aJn38NQ9WPfivshEH7nkVVHLYZ3Fy6e', '6xHdCCFuzQVevzqAdUZvJBFfwWR26pU2h8qFwqC7i7te', 6, 1646728893879838061, 'newafro.near', 'test-dao-bro.sputnik-dao.near', 'ACTION', '7kccJT1TchJHXKbenctCjYPtVHc8C4vt6p3utowekmqU');
INSERT INTO receipts (receipt_id, included_in_block_hash, included_in_chunk_hash, index_in_chunk, included_in_block_timestamp, predecessor_account_id, receiver_account_id, receipt_kind, originated_from_transaction_hash) VALUES ('DJrDN4AWzmb8k8nRiZeQibWCJcizTHf96x2xeiqfFHYg', '8WmyRkafPpf8yFL9i7wCefNaDuWtBb4VX2qyMgky652Z', 'G7VfPtdx3gbcKPHjHVHtot6AVcsUqa8rJpo4hX2xPBKW', 0, 1646729310440052865, 'newafro.near', 'v2.ref-finance.near', 'ACTION', 'HC7iGGSXF1Jdq9pa7tJYZtu4ub2TGKumcfNp4FhttHbc');
INSERT INTO receipts (receipt_id, included_in_block_hash, included_in_chunk_hash, index_in_chunk, included_in_block_timestamp, predecessor_account_id, receiver_account_id, receipt_kind, originated_from_transaction_hash) VALUES ('4BwKynMch9naQZZwD3VqJKowkq4PMktDAbqrAgtJBpRv', 'AHM2qMTJ63X2DKTgT4JfwbVmYQpt4yrex9KCLaMZoMBG', '2YuzWuiHDuVs4RpQaUALcaNfGJ5dGPUezpRSUG8ymoVf', 0, 1646727822331761056, 'newafro.near', 'token.v2.ref-finance.near', 'ACTION', 'iGUyvvwnsFRK3fcSZT8KtWb71TnsJiXh3GcnbAcFTzp');
INSERT INTO receipts (receipt_id, included_in_block_hash, included_in_chunk_hash, index_in_chunk, included_in_block_timestamp, predecessor_account_id, receiver_account_id, receipt_kind, originated_from_transaction_hash) VALUES ('88ud3XWwJv23MCRjmWsj9tP1hMsLAoqt7HsEKchikLGh', 'ES8ie5FZvdYSxvNTU2WZsYxtKE7w1f5eFaTwVz42PS6A', 'x6KYHkpJeEi9taTvTSjhVtrHdxG4rCRyRvg5JyVWkJD', 1, 1646728839790378769, 'newafro.near', 'test-dao-bro.sputnik-dao.near', 'ACTION', 'HRiN7sfoiQxBqZpZjuVTDCviUcjrWyXtq8Z5uVsqLev5');
INSERT INTO receipts (receipt_id, included_in_block_hash, included_in_chunk_hash, index_in_chunk, included_in_block_timestamp, predecessor_account_id, receiver_account_id, receipt_kind, originated_from_transaction_hash) VALUES ('51KpJ6ut71QRQx2ECBzy9ik3WiwoNQw9CBZwrPS3iu6G', '8XDwGNgwZy265p6a9HycKxMYUk7AmCtDWfA5NRNc1QEt', '6DE212z3NHKs71qBm4dLZp5EVxHZKHF1Y6pZZgHeoPdv', 1, 1646734639664804840, 'newafro.near', 'e-near.near', 'ACTION', '6MYAXgsTZMdcdizxU27FfJzsfkcRSRmJsC4a2DHQf1ae');
INSERT INTO receipts (receipt_id, included_in_block_hash, included_in_chunk_hash, index_in_chunk, included_in_block_timestamp, predecessor_account_id, receiver_account_id, receipt_kind, originated_from_transaction_hash) VALUES ('9nRxeGJFt9xTtUruZu2iWRFyhRNTLdTQxuKAdMaAa3zB', '3h6twoU3m6UYkUHi3k5nNBBmW6Mp1VmmTkFRNaTHBc5p', '8KsbBoma8KjTXV7xb7BoKoxrUgkargWeBKjwyq8KrcVx', 5, 1646394938774931308, 'newafro.near', 'v2.ref-farming.near', 'ACTION', 'F8uxSCKwgMKTxk4tbnF7nPb45Y5EmLPEpcpB9EiuihyH');
INSERT INTO receipts (receipt_id, included_in_block_hash, included_in_chunk_hash, index_in_chunk, included_in_block_timestamp, predecessor_account_id, receiver_account_id, receipt_kind, originated_from_transaction_hash) VALUES ('9WNAL2emFAbot9Ca5DXkyJCXrFgkfRrX1YtDHkvcvwHx', '4TYTqERDTQ8vUGvFNFVrvVa2CK6L9MyKLS7NNVmVowS1', '3suhppy8Qts3NBEWGT5vWF9ZYDGDaZkkFvPAxK86f3VZ', 14, 1651505466059473141, 'nf-payments.near', 'nf-payments1.near', 'ACTION', '84JWoWUf9HW3QSTYXdXrMYoxuS6gZAtJVDR3GYU5A8E7');
INSERT INTO receipts (receipt_id, included_in_block_hash, included_in_chunk_hash, index_in_chunk, included_in_block_timestamp, predecessor_account_id, receiver_account_id, receipt_kind, originated_from_transaction_hash) VALUES ('4BwMBTRKbnaRMH4Fqm3AQM4kU1G9GeSybad9wrc4cdxS', '4AkwtsxgTzyccKfX6YQiS9Uq2qi9WV28Rb3LchH7mYPc', '6zm1Gk5Fmj21ZcdEiJvb6hJ9sGfAEF4Ls1TxDiR6MKNC', 2, 1646393979990202926, 'newafro.near', 'wrap.near', 'ACTION', 'CnG41PfjS1omzY1bWFEhSWh811w3zWZqsZm8M85ppGr1');
INSERT INTO receipts (receipt_id, included_in_block_hash, included_in_chunk_hash, index_in_chunk, included_in_block_timestamp, predecessor_account_id, receiver_account_id, receipt_kind, originated_from_transaction_hash) VALUES ('66DcPAETUf7RhJAXJXiBm6WE43S5fQ7HgCiZCW1tdUPc', '53CQbcCgRAQ3BZwfWcUhUMXFj6F1du2GqLsYbbC65s2n', 'DJd1cEDqtAQfZ7rDC8xCLhASzF1W4to1MnnWXvBFQWw', 2, 1646728174359737690, 'newafro.near', 'near', 'ACTION', '5KzsCLAHgMxAgH1pMP8tukJx9VCZRhmG4mMrY2L7vpp8');
INSERT INTO receipts (receipt_id, included_in_block_hash, included_in_chunk_hash, index_in_chunk, included_in_block_timestamp, predecessor_account_id, receiver_account_id, receipt_kind, originated_from_transaction_hash) VALUES ('TKEJxuD2LH4Sq52WBQgVSx21LE3GKFiUb9rSb4ZnmBV', '3kFHAuXXHFCbLd4vkKyw6vSzVsv4pBzCsNS3otSNuRQ4', '9SqN3BqtaUt2sEMPxr7Mf6Z6SV47RCmHZT2Q5HaVzTNM', 1, 1646729098988228329, 'newafro.near', 'multisender.app.near', 'ACTION', '2Qg8p6xcr7WW3c2UUybipn7vKjdtqzU45fxXnw1gERxW');
INSERT INTO receipts (receipt_id, included_in_block_hash, included_in_chunk_hash, index_in_chunk, included_in_block_timestamp, predecessor_account_id, receiver_account_id, receipt_kind, originated_from_transaction_hash) VALUES ('6cno4ozxmkJHWHzNL2s1QjVHjsYq5HqfQ5qSNfG4y5NJ', 'BvNXZKYAuMKwG1cpcyZxjsJAwyHTScDVk9YcSnNFCcCd', '7vYT5xEUqKGqBAQULWVSvLouA6K59BzLhdLXP32fVcWu', 2, 1646728788737262414, 'newafro.near', 'sputnik-dao.near', 'ACTION', '6D61eZGfMHwYCVQaS9pCNivZ73gRxfwDgrVCcmoBedTK');
INSERT INTO receipts (receipt_id, included_in_block_hash, included_in_chunk_hash, index_in_chunk, included_in_block_timestamp, predecessor_account_id, receiver_account_id, receipt_kind, originated_from_transaction_hash) VALUES ('CXfUqKyRMSY8JT2tkfxk1P9zWDjFVZhET76qE217BRVZ', 'QvJEYSA35Da2N9mLz7Vb9hg2FjDzTrU972t8mfmo62Y', '9KqYBqsuDP9hbBdkgUcK6tjhPWsZS2m5vb8dxjF7C1Se', 3, 1646729573920214557, 'newafro.near', 'stardust.poolv1.near', 'ACTION', '5VU8Jk6avWa6GVo9SaAiATrZB9ruz8xVCEN2QLHK5Xk8');

INSERT INTO transaction_actions (transaction_hash, index_in_transaction, action_kind, args) VALUES ('2wgMV44CLoBEnXGtpiypkEBhD93qSM4Po6LhJ8oUjLE1', 0, 'FUNCTION_CALL', '{"gas": 15000000000000, "deposit": "1", "args_json": {"amount": "17500000000", "receiver_id": "nf-payments2.near"}, "args_base64": "eyJhbW91bnQiOiIxNzUwMDAwMDAwMCIsInJlY2VpdmVyX2lkIjoibmYtcGF5bWVudHMyLm5lYXIifQ==", "method_name": "ft_transfer"}');
INSERT INTO transaction_actions (transaction_hash, index_in_transaction, action_kind, args) VALUES ('C9jJx747tTb4oqBZqLZa3T12VDXbsCLErDsKQXjpWRi6', 0, 'FUNCTION_CALL', '{"gas": 100000000000000, "deposit": "1", "args_json": {"msg": "", "amount": "6329222", "receiver_id": "v2.ref-finance.near"}, "args_base64": "eyJyZWNlaXZlcl9pZCI6InYyLnJlZi1maW5hbmNlLm5lYXIiLCJhbW91bnQiOiI2MzI5MjIyIiwibXNnIjoiIn0=", "method_name": "ft_transfer_call"}');
INSERT INTO transaction_actions (transaction_hash, index_in_transaction, action_kind, args) VALUES ('4H8igWBSUo5DR74jBbmq4vpKAvcjanTJ5Ep6VaASiP1j', 0, 'FUNCTION_CALL', '{"gas": 100000000000000, "deposit": "11280000000000000000000", "args_json": {"receiver_id": "newafro.near", "token_series_id": "288084"}, "args_base64": "eyJ0b2tlbl9zZXJpZXNfaWQiOiIyODgwODQiLCJyZWNlaXZlcl9pZCI6Im5ld2Fmcm8ubmVhciJ9", "method_name": "nft_buy"}');
INSERT INTO transaction_actions (transaction_hash, index_in_transaction, action_kind, args) VALUES ('3dqxSssGJpz8pGTb5FB8M2u6G4VjBqReAm1KMg7no6fE', 0, 'FUNCTION_CALL', '{"gas": 300000000000000, "deposit": "0", "args_json": {"request_id": 38}, "args_base64": "eyJyZXF1ZXN0X2lkIjozOH0=", "method_name": "confirm"}');
INSERT INTO transaction_actions (transaction_hash, index_in_transaction, action_kind, args) VALUES ('HEwRgBMb11z9fzY4b6c4mHNRFAaddYsb63K5mfoNSA7u', 0, 'FUNCTION_CALL', '{"gas": 100000000000000, "deposit": "100000000000000000000000", "args_json": {"account_id": "newafro.near", "registration_only": true}, "args_base64": "eyJhY2NvdW50X2lkIjoibmV3YWZyby5uZWFyIiwicmVnaXN0cmF0aW9uX29ubHkiOnRydWV9", "method_name": "storage_deposit"}');
INSERT INTO transaction_actions (transaction_hash, index_in_transaction, action_kind, args) VALUES ('FzfAU2MWTj76L3jRWo6wYQSmj1WR6GdHZNZZ5fKfVUjm', 0, 'FUNCTION_CALL', '{"gas": 100000000000000, "deposit": "100000000000000000000000", "args_json": {"new_account_id": "newafro.near", "new_key": "2LtNBZGX3xCw9Jm4ngws8TMUy2JkWApHMhsg6PU9QtAN"}, "args_base64": "eyJuZXdfYWNjb3VudF9pZCI6Im5ld2Fmcm8ubmVhciIsIm5ld19wdWJsaWNfa2V5IjoiMkx0TkJaR1gzeEN3OUptNG5nd3M4VE1VeTJKa1dBcEhNaHNnNlBVOVF0QU4ifQ==", "method_name": "create_account"}');
INSERT INTO transaction_actions (transaction_hash, index_in_transaction, action_kind, args) VALUES ('G6BeJHJqZuYG1At2KUgxEqduNApZAyZaguHcws1vQ9tk', 0, 'FUNCTION_CALL', '{"gas": 300000000000000, "deposit": "0", "args_json": {"accounts": [{"amount": "100000000000000000000000", "account_id": "gus.near"}, {"amount": "100000000000000000000000", "account_id": "linkdropping.near"}]}, "args_base64": "eyJhY2NvdW50cyI6W3siYWNjb3VudF9pZCI6Imd1cy5uZWFyIiwiYW1vdW50IjoiMTAwMDAwMDAwMDAwMDAwMDAwMDAwMDAwIn0seyJhY2NvdW50X2lkIjoibGlua2Ryb3BwaW5nLm5lYXIiLCJhbW91bnQiOiIxMDAwMDAwMDAwMDAwMDAwMDAwMDAwMDAifV19", "method_name": "multisend_from_balance_unsafe"}');
INSERT INTO transaction_actions (transaction_hash, index_in_transaction, action_kind, args) VALUES ('Aga3Kfp7KZzXjamL3iH1EJSqdaj77aE4J53Vsz4busGq', 0, 'FUNCTION_CALL', '{"gas": 125000000000000, "deposit": "0", "args_json": {}, "args_base64": "e30=", "method_name": "unstake_all"}');
INSERT INTO transaction_actions (transaction_hash, index_in_transaction, action_kind, args) VALUES ('FnRqwXkEnP7AChHpPRyaDjBgHRhCgw64UEzXxncyG6gs', 0, 'FUNCTION_CALL', '{"gas": 180000000000000, "deposit": "1", "args_json": {"msg": "{\\\"force\\\":0,\\\"actions\\\":[{\\\"pool_id\\\":3,\\\"token_in\\\":\\\"wrap.near\\\",\\\"token_out\\\":\\\"a0b86991c6218b36c1d19d4a2e9eb0ce3606eb48.factory.bridge.near\\\",\\\"amount_in\\\":\\\"998750000000000000000000\\\",\\\"min_amount_out\\\":\\\"11272575\\\"}]}", "amount": "998750000000000000000000", "receiver_id": "v2.ref-finance.near"}, "args_base64": "eyJyZWNlaXZlcl9pZCI6InYyLnJlZi1maW5hbmNlLm5lYXIiLCJhbW91bnQiOiI5OTg3NTAwMDAwMDAwMDAwMDAwMDAwMDAiLCJtc2ciOiJ7XCJmb3JjZVwiOjAsXCJhY3Rpb25zXCI6W3tcInBvb2xfaWRcIjozLFwidG9rZW5faW5cIjpcIndyYXAubmVhclwiLFwidG9rZW5fb3V0XCI6XCJhMGI4Njk5MWM2MjE4YjM2YzFkMTlkNGEyZTllYjBjZTM2MDZlYjQ4LmZhY3RvcnkuYnJpZGdlLm5lYXJcIixcImFtb3VudF9pblwiOlwiOTk4NzUwMDAwMDAwMDAwMDAwMDAwMDAwXCIsXCJtaW5fYW1vdW50X291dFwiOlwiMTEyNzI1NzVcIn1dfSJ9", "method_name": "ft_transfer_call"}');
INSERT INTO transaction_actions (transaction_hash, index_in_transaction, action_kind, args) VALUES ('GrLxZ12FJkk3nX5ab5JcFtUWuLAKJ7gUAgVftWzghjRF', 0, 'FUNCTION_CALL', '{"gas": 100000000000000, "deposit": "1", "args_json": {"msg": "", "amount": "35611967189717"}, "args_base64": "eyJhbW91bnQiOiIzNTYxMTk2NzE4OTcxNyIsIm1zZyI6IiJ9", "method_name": "unstake"}');
INSERT INTO transaction_actions (transaction_hash, index_in_transaction, action_kind, args) VALUES ('5wYrKfHw2YvkDbVQhXgwhhvafWuH14jYHgzupLpohhHj', 0, 'FUNCTION_CALL', '{"gas": 110000000000000, "deposit": "3500000000000000000000000", "args_json": {"lockup_duration": "0", "lockup_timestamp": null, "owner_account_id": "linkdropping.near", "release_duration": null, "vesting_schedule": {"VestingSchedule": {"end_timestamp": "1772225080000000000", "cliff_timestamp": "1677665080000000000", "start_timestamp": "1646125080000000000"}}}, "args_base64": "eyJvd25lcl9hY2NvdW50X2lkIjoibGlua2Ryb3BwaW5nLm5lYXIiLCJsb2NrdXBfZHVyYXRpb24iOiIwIiwibG9ja3VwX3RpbWVzdGFtcCI6bnVsbCwicmVsZWFzZV9kdXJhdGlvbiI6bnVsbCwidmVzdGluZ19zY2hlZHVsZSI6eyJWZXN0aW5nU2NoZWR1bGUiOnsic3RhcnRfdGltZXN0YW1wIjoiMTY0NjEyNTA4MDAwMDAwMDAwMCIsImNsaWZmX3RpbWVzdGFtcCI6IjE2Nzc2NjUwODAwMDAwMDAwMDAiLCJlbmRfdGltZXN0YW1wIjoiMTc3MjIyNTA4MDAwMDAwMDAwMCJ9fX0=", "method_name": "create"}');
INSERT INTO transaction_actions (transaction_hash, index_in_transaction, action_kind, args) VALUES ('51xpbsT2Uinebop1uA68QDu2Rf2PymqgRUDny9tmLN1u', 0, 'FUNCTION_CALL', '{"gas": 300000000000000, "deposit": "0", "args_json": {"request_id": 90}, "args_base64": "eyJyZXF1ZXN0X2lkIjo5MH0=", "method_name": "confirm"}');
INSERT INTO transaction_actions (transaction_hash, index_in_transaction, action_kind, args) VALUES ('5i3cbbnAWpPT2NZL1hsyUPjjLMJqvUTf1fnRcccAJnJV', 0, 'FUNCTION_CALL', '{"gas": 30000000000000, "deposit": "100000000000000000000000", "args_json": {}, "args_base64": "e30=", "method_name": "near_deposit"}');
INSERT INTO transaction_actions (transaction_hash, index_in_transaction, action_kind, args) VALUES ('5i3cbbnAWpPT2NZL1hsyUPjjLMJqvUTf1fnRcccAJnJV', 1, 'FUNCTION_CALL', '{"gas": 70000000000000, "deposit": "1", "args_json": {"msg": "b252c12d12f71726455eaa22f9c0ae2ff450d06a", "memo": null, "amount": "100000000000000000000000", "receiver_id": "aurora"}, "args_base64": "eyJyZWNlaXZlcl9pZCI6ImF1cm9yYSIsImFtb3VudCI6IjEwMDAwMDAwMDAwMDAwMDAwMDAwMDAwMCIsIm1lbW8iOm51bGwsIm1zZyI6ImIyNTJjMTJkMTJmNzE3MjY0NTVlYWEyMmY5YzBhZTJmZjQ1MGQwNmEifQ==", "method_name": "ft_transfer_call"}');
INSERT INTO transaction_actions (transaction_hash, index_in_transaction, action_kind, args) VALUES ('CBVYk7KYwbMmBexucxWbUe9apibk11ZgquX5YmRrVV5', 0, 'FUNCTION_CALL', '{"gas": 200000000000000, "deposit": "1", "args_json": {"msg": "", "amount": "12943208976933402444498", "seed_id": "v2.ref-finance.near@3"}, "args_base64": "eyJzZWVkX2lkIjoidjIucmVmLWZpbmFuY2UubmVhckAzIiwiYW1vdW50IjoiMTI5NDMyMDg5NzY5MzM0MDI0NDQ0OTgiLCJtc2ciOiIifQ==", "method_name": "withdraw_seed"}');
INSERT INTO transaction_actions (transaction_hash, index_in_transaction, action_kind, args) VALUES ('4p9QaCH4tbnwhiB87kNVTGNWtkqLomsom1QiBhD7MBA6', 0, 'FUNCTION_CALL', '{"gas": 100000000000000, "deposit": "10000000000000000000000", "args_json": {"amounts": ["4995449", "438398709947287357866470"], "pool_id": 3}, "args_base64": "eyJwb29sX2lkIjozLCJhbW91bnRzIjpbIjQ5OTU0NDkiLCI0MzgzOTg3MDk5NDcyODczNTc4NjY0NzAiXX0=", "method_name": "add_liquidity"}');
INSERT INTO transaction_actions (transaction_hash, index_in_transaction, action_kind, args) VALUES ('7txqVCimDiP6zcFVYUbKXMGvVLQq9HKiEeu7K1s3gebL', 0, 'FUNCTION_CALL', '{"gas": 100000000000000, "deposit": "1", "args_json": {"token_id": "288084:56", "receiver_id": "linkdropping.near"}, "args_base64": "eyJ0b2tlbl9pZCI6IjI4ODA4NDo1NiIsInJlY2VpdmVyX2lkIjoibGlua2Ryb3BwaW5nLm5lYXIifQ==", "method_name": "nft_transfer"}');
INSERT INTO transaction_actions (transaction_hash, index_in_transaction, action_kind, args) VALUES ('482h2CQhp7nToNMnsVY72Ywyz1TPjX6q6V5VwSorDjzF', 0, 'FUNCTION_CALL', '{"gas": 250000000000000, "deposit": "0", "args_json": {"request_id": 0}, "args_base64": "eyJyZXF1ZXN0X2lkIjowfQ==", "method_name": "confirm"}');
INSERT INTO transaction_actions (transaction_hash, index_in_transaction, action_kind, args) VALUES ('9917LYw2QTMhvN2BWb8knCnxyi6yzUUvycUJAbJGt4dM', 0, 'FUNCTION_CALL', '{"gas": 300000000000000, "deposit": "0", "args_json": {"request_id": 45}, "args_base64": "eyJyZXF1ZXN0X2lkIjo0NX0=", "method_name": "confirm"}');
INSERT INTO transaction_actions (transaction_hash, index_in_transaction, action_kind, args) VALUES ('Wc15ScL3hVMJB1EPymmgQ1JwaE14ejpTbPBP2guGDFf', 0, 'TRANSFER', '{"deposit": "50000000000000000000000000"}');
INSERT INTO transaction_actions (transaction_hash, index_in_transaction, action_kind, args) VALUES ('35maJRyrCCK6YNW5Mo1z5ovRh2JEb6q6aRUsnhe9XPJ9', 0, 'FUNCTION_CALL', '{"gas": 100000000000000, "deposit": "45000000000000000000000", "args_json": {"account_id": "newafro.near", "registration_only": false}, "args_base64": "eyJhY2NvdW50X2lkIjoibmV3YWZyby5uZWFyIiwicmVnaXN0cmF0aW9uX29ubHkiOmZhbHNlfQ==", "method_name": "storage_deposit"}');
INSERT INTO transaction_actions (transaction_hash, index_in_transaction, action_kind, args) VALUES ('3iMCGrpwyBx5yFYppoUiSmZXdoTghbg642Tq7SYaQjnL', 0, 'FUNCTION_CALL', '{"gas": 150000000000000, "deposit": "0", "args_json": {"id": 0, "action": "VoteApprove"}, "args_base64": "eyJpZCI6MCwiYWN0aW9uIjoiVm90ZUFwcHJvdmUifQ==", "method_name": "act_proposal"}');
INSERT INTO transaction_actions (transaction_hash, index_in_transaction, action_kind, args) VALUES ('GLcX3NfUJK9s2UPznNMhNn9L9Go3ikKxMMymW8AM4YJ9', 0, 'DELETE_KEY', '{"key": "ed25519:EHPeimCFYsnn3LnFYsECPBtTdwi5nLnJZzkvgkWnCAx6"}');
INSERT INTO transaction_actions (transaction_hash, index_in_transaction, action_kind, args) VALUES ('GLcX3NfUJK9s2UPznNMhNn9L9Go3ikKxMMymW8AM4YJ9', 1, 'ADD_KEY', '{"access_key": {"nonce": 0, "permission": {"permission_kind": "FUNCTION_CALL", "permission_details": {"allowance": null, "receiver_id": "newafro.near", "method_names": ["add_request", "add_request_and_confirm", "delete_request", "confirm"]}}}, "key": "ed25519:EHPeimCFYsnn3LnFYsECPBtTdwi5nLnJZzkvgkWnCAx6"}');
INSERT INTO transaction_actions (transaction_hash, index_in_transaction, action_kind, args) VALUES ('GLcX3NfUJK9s2UPznNMhNn9L9Go3ikKxMMymW8AM4YJ9', 2, 'ADD_KEY', '{"access_key": {"nonce": 0, "permission": {"permission_kind": "FUNCTION_CALL", "permission_details": {"allowance": null, "receiver_id": "newafro.near", "method_names": ["confirm"]}}}, "key": "ed25519:FmJMMGabLzyAFCjTxmx1C4cm8vgTKTU63m9nRdsYLg9S"}');
INSERT INTO transaction_actions (transaction_hash, index_in_transaction, action_kind, args) VALUES ('GLcX3NfUJK9s2UPznNMhNn9L9Go3ikKxMMymW8AM4YJ9', 3, 'DEPLOY_CONTRACT', '{"code_sha256": "010b1a0bd58a9003f724f60dea7289df267613d46f058a81ee0fbb8565878559"}');
INSERT INTO transaction_actions (transaction_hash, index_in_transaction, action_kind, args) VALUES ('GLcX3NfUJK9s2UPznNMhNn9L9Go3ikKxMMymW8AM4YJ9', 4, 'FUNCTION_CALL', '{"gas": 100000000000000, "deposit": "0", "args_json": {"num_confirmations": 2}, "args_base64": "eyJudW1fY29uZmlybWF0aW9ucyI6Mn0=", "method_name": "new"}');
INSERT INTO transaction_actions (transaction_hash, index_in_transaction, action_kind, args) VALUES ('FGqb2JzR1gVo1CzP2DynWWprH1qSwpLPxE4xbETU8KrB', 0, 'FUNCTION_CALL', '{"gas": 300000000000000, "deposit": "200000000000000000000000", "args_json": {"accounts": [{"amount": "100000000000000000000000", "account_id": "linkdropping.near"}, {"amount": "100000000000000000000000", "account_id": "gus.near"}]}, "args_base64": "eyJhY2NvdW50cyI6W3siYWNjb3VudF9pZCI6Imxpbmtkcm9wcGluZy5uZWFyIiwiYW1vdW50IjoiMTAwMDAwMDAwMDAwMDAwMDAwMDAwMDAwIn0seyJhY2NvdW50X2lkIjoiZ3VzLm5lYXIiLCJhbW91bnQiOiIxMDAwMDAwMDAwMDAwMDAwMDAwMDAwMDAifV19", "method_name": "multisend_attached_tokens"}');
INSERT INTO transaction_actions (transaction_hash, index_in_transaction, action_kind, args) VALUES ('7kccJT1TchJHXKbenctCjYPtVHc8C4vt6p3utowekmqU', 0, 'FUNCTION_CALL', '{"gas": 300000000000000, "deposit": "100000000000000000000000", "args_json": {"proposal": {"kind": {"Transfer": {"amount": "500000000000000000000000", "token_id": "", "receiver_id": "newafro.near"}}, "description": "lets test this$$$$"}}, "args_base64": "eyJwcm9wb3NhbCI6eyJkZXNjcmlwdGlvbiI6ImxldHMgdGVzdCB0aGlzJCQkJCIsImtpbmQiOnsiVHJhbnNmZXIiOnsidG9rZW5faWQiOiIiLCJyZWNlaXZlcl9pZCI6Im5ld2Fmcm8ubmVhciIsImFtb3VudCI6IjUwMDAwMDAwMDAwMDAwMDAwMDAwMDAwMCJ9fX19", "method_name": "add_proposal"}');
INSERT INTO transaction_actions (transaction_hash, index_in_transaction, action_kind, args) VALUES ('HC7iGGSXF1Jdq9pa7tJYZtu4ub2TGKumcfNp4FhttHbc', 0, 'FUNCTION_CALL', '{"gas": 30000000000000, "deposit": "1", "args_json": {"shares": "12943208976933402444498", "pool_id": 3, "min_amounts": ["4630600", "468366386311324800000000"]}, "args_base64": "eyJwb29sX2lkIjozLCJzaGFyZXMiOiIxMjk0MzIwODk3NjkzMzQwMjQ0NDQ5OCIsIm1pbl9hbW91bnRzIjpbIjQ2MzA2MDAiLCI0NjgzNjYzODYzMTEzMjQ4MDAwMDAwMDAiXX0=", "method_name": "remove_liquidity"}');
INSERT INTO transaction_actions (transaction_hash, index_in_transaction, action_kind, args) VALUES ('HC7iGGSXF1Jdq9pa7tJYZtu4ub2TGKumcfNp4FhttHbc', 1, 'FUNCTION_CALL', '{"gas": 55000000000000, "deposit": "1", "args_json": {"amount": "0", "token_id": "a0b86991c6218b36c1d19d4a2e9eb0ce3606eb48.factory.bridge.near", "unregister": false}, "args_base64": "eyJ0b2tlbl9pZCI6ImEwYjg2OTkxYzYyMThiMzZjMWQxOWQ0YTJlOWViMGNlMzYwNmViNDguZmFjdG9yeS5icmlkZ2UubmVhciIsImFtb3VudCI6IjAiLCJ1bnJlZ2lzdGVyIjpmYWxzZX0=", "method_name": "withdraw"}');
INSERT INTO transaction_actions (transaction_hash, index_in_transaction, action_kind, args) VALUES ('HC7iGGSXF1Jdq9pa7tJYZtu4ub2TGKumcfNp4FhttHbc', 2, 'FUNCTION_CALL', '{"gas": 55000000000000, "deposit": "1", "args_json": {"amount": "0", "token_id": "wrap.near", "unregister": false}, "args_base64": "eyJ0b2tlbl9pZCI6IndyYXAubmVhciIsImFtb3VudCI6IjAiLCJ1bnJlZ2lzdGVyIjpmYWxzZX0=", "method_name": "withdraw"}');
INSERT INTO transaction_actions (transaction_hash, index_in_transaction, action_kind, args) VALUES ('iGUyvvwnsFRK3fcSZT8KtWb71TnsJiXh3GcnbAcFTzp', 0, 'FUNCTION_CALL', '{"gas": 30000000000000, "deposit": "1", "args_json": {"amount": "36778457249478", "receiver_id": "linkdropping.near"}, "args_base64": "eyJhbW91bnQiOiIzNjc3ODQ1NzI0OTQ3OCIsInJlY2VpdmVyX2lkIjoibGlua2Ryb3BwaW5nLm5lYXIifQ==", "method_name": "ft_transfer"}');
INSERT INTO transaction_actions (transaction_hash, index_in_transaction, action_kind, args) VALUES ('HRiN7sfoiQxBqZpZjuVTDCviUcjrWyXtq8Z5uVsqLev5', 0, 'TRANSFER', '{"deposit": "1000000000000000000000000"}');
INSERT INTO transaction_actions (transaction_hash, index_in_transaction, action_kind, args) VALUES ('6MYAXgsTZMdcdizxU27FfJzsfkcRSRmJsC4a2DHQf1ae', 0, 'FUNCTION_CALL', '{"gas": 10000000000000, "deposit": "100000000000000000000000", "args_json": {"eth_recipient": "b252C12d12f71726455eaA22f9c0ae2FF450d06A"}, "args_base64": "eyJldGhfcmVjaXBpZW50IjoiYjI1MkMxMmQxMmY3MTcyNjQ1NWVhQTIyZjljMGFlMkZGNDUwZDA2QSJ9", "method_name": "migrate_to_ethereum"}');
INSERT INTO transaction_actions (transaction_hash, index_in_transaction, action_kind, args) VALUES ('F8uxSCKwgMKTxk4tbnF7nPb45Y5EmLPEpcpB9EiuihyH', 0, 'FUNCTION_CALL', '{"gas": 100000000000000, "deposit": "0", "args_json": {"farm_id": "v2.ref-finance.near@3#1"}, "args_base64": "eyJmYXJtX2lkIjoidjIucmVmLWZpbmFuY2UubmVhckAzIzEifQ==", "method_name": "claim_reward_by_farm"}');
INSERT INTO transaction_actions (transaction_hash, index_in_transaction, action_kind, args) VALUES ('84JWoWUf9HW3QSTYXdXrMYoxuS6gZAtJVDR3GYU5A8E7', 0, 'TRANSFER', '{"deposit": "1000000000000000000000000000"}');
INSERT INTO transaction_actions (transaction_hash, index_in_transaction, action_kind, args) VALUES ('CnG41PfjS1omzY1bWFEhSWh811w3zWZqsZm8M85ppGr1', 0, 'FUNCTION_CALL', '{"gas": 50000000000000, "deposit": "1000000000000000000000000", "args_json": {}, "args_base64": "e30=", "method_name": "near_deposit"}');
INSERT INTO transaction_actions (transaction_hash, index_in_transaction, action_kind, args) VALUES ('5KzsCLAHgMxAgH1pMP8tukJx9VCZRhmG4mMrY2L7vpp8', 0, 'FUNCTION_CALL', '{"gas": 30000000000000, "deposit": "1000000000000000000000000", "args_json": {"key": "27uxkgGEgSrBxLVv1g81HzPNY1YWGopuGTSyaNeNJqUu"}, "args_base64": "eyJwdWJsaWNfa2V5IjoiMjd1eGtnR0VnU3JCeExWdjFnODFIelBOWTFZV0dvcHVHVFN5YU5lTkpxVXUifQ==", "method_name": "send"}');
INSERT INTO transaction_actions (transaction_hash, index_in_transaction, action_kind, args) VALUES ('2Qg8p6xcr7WW3c2UUybipn7vKjdtqzU45fxXnw1gERxW', 0, 'FUNCTION_CALL', '{"gas": 30000000000000, "deposit": "200000000000000000000000", "args_json": {}, "args_base64": "e30=", "method_name": "deposit"}');
INSERT INTO transaction_actions (transaction_hash, index_in_transaction, action_kind, args) VALUES ('6D61eZGfMHwYCVQaS9pCNivZ73gRxfwDgrVCcmoBedTK', 0, 'FUNCTION_CALL', '{"gas": 300000000000000, "deposit": "5000000000000000000000000", "args_json": {"args": "eyJwdXJwb3NlIjoiIiwiYm9uZCI6IjEwMDAwMDAwMDAwMDAwMDAwMDAwMDAwMCIsInZvdGVfcGVyaW9kIjoiNjA0ODAwMDAwMDAwMDAwIiwiZ3JhY2VfcGVyaW9kIjoiODY0MDAwMDAwMDAwMDAiLCJwb2xpY3kiOnsicm9sZXMiOlt7Im5hbWUiOiJFdmVyeW9uZSIsImtpbmQiOnsiR3JvdXAiOlsibmV3YWZyby5uZWFyIl19LCJwZXJtaXNzaW9ucyI6WyIqOkZpbmFsaXplIiwiKjpBZGRQcm9wb3NhbCIsIio6Vm90ZUFwcHJvdmUiLCIqOlZvdGVSZWplY3QiLCIqOlZvdGVSZW1vdmUiXSwidm90ZV9wb2xpY3kiOnt9fSx7Im5hbWUiOiJhbGwiLCJraW5kIjoiRXZlcnlvbmUiLCJwZXJtaXNzaW9ucyI6WyIqOkFkZFByb3Bvc2FsIl0sInZvdGVfcG9saWN5Ijp7fX1dLCJkZWZhdWx0X3ZvdGVfcG9saWN5Ijp7IndlaWdodF9raW5kIjoiUm9sZVdlaWdodCIsInF1b3J1bSI6IjAiLCJ0aHJlc2hvbGQiOlsxLDJdfSwicHJvcG9zYWxfYm9uZCI6IjEwMDAwMDAwMDAwMDAwMDAwMDAwMDAwMCIsInByb3Bvc2FsX3BlcmlvZCI6IjYwNDgwMDAwMDAwMDAwMCIsImJvdW50eV9ib25kIjoiMTAwMDAwMDAwMDAwMDAwMDAwMDAwMDAwIiwiYm91bnR5X2ZvcmdpdmVuZXNzX3BlcmlvZCI6IjYwNDgwMDAwMDAwMDAwMCJ9LCJjb25maWciOnsibmFtZSI6InRlc3QtZGFvLWJybyIsInB1cnBvc2UiOiIiLCJtZXRhZGF0YSI6ImV5Sm1iR0ZuUTI5MlpYSWlPaUpOVWxCT1ZqbDVYMU5EY1hjMFUwNU5iMFpwY0ZnaUxDSm1iR0ZuVEc5bmJ5STZJaUlzSW1ScGMzQnNZWGxPWVcxbElqb2lWRVZUVkNCRVFVOGdRbEpQSWl3aWJHVm5ZV3dpT25zaWJHVm5ZV3hUZEdGMGRYTWlPaUlpTENKc1pXZGhiRXhwYm1zaU9pSWlmWDA9In19", "name": "test-dao-bro"}, "args_base64": "eyJuYW1lIjoidGVzdC1kYW8tYnJvIiwiYXJncyI6ImV5SndkWEp3YjNObElqb2lJaXdpWW05dVpDSTZJakV3TURBd01EQXdNREF3TURBd01EQXdNREF3TURBd01DSXNJblp2ZEdWZmNHVnlhVzlrSWpvaU5qQTBPREF3TURBd01EQXdNREF3SWl3aVozSmhZMlZmY0dWeWFXOWtJam9pT0RZME1EQXdNREF3TURBd01EQWlMQ0p3YjJ4cFkza2lPbnNpY205c1pYTWlPbHQ3SW01aGJXVWlPaUpGZG1WeWVXOXVaU0lzSW10cGJtUWlPbnNpUjNKdmRYQWlPbHNpYm1WM1lXWnlieTV1WldGeUlsMTlMQ0p3WlhKdGFYTnphVzl1Y3lJNld5SXFPa1pwYm1Gc2FYcGxJaXdpS2pwQlpHUlFjbTl3YjNOaGJDSXNJaW82Vm05MFpVRndjSEp2ZG1VaUxDSXFPbFp2ZEdWU1pXcGxZM1FpTENJcU9sWnZkR1ZTWlcxdmRtVWlYU3dpZG05MFpWOXdiMnhwWTNraU9udDlmU3g3SW01aGJXVWlPaUpoYkd3aUxDSnJhVzVrSWpvaVJYWmxjbmx2Ym1VaUxDSndaWEp0YVhOemFXOXVjeUk2V3lJcU9rRmtaRkJ5YjNCdmMyRnNJbDBzSW5admRHVmZjRzlzYVdONUlqcDdmWDFkTENKa1pXWmhkV3gwWDNadmRHVmZjRzlzYVdONUlqcDdJbmRsYVdkb2RGOXJhVzVrSWpvaVVtOXNaVmRsYVdkb2RDSXNJbkYxYjNKMWJTSTZJakFpTENKMGFISmxjMmh2YkdRaU9sc3hMREpkZlN3aWNISnZjRzl6WVd4ZlltOXVaQ0k2SWpFd01EQXdNREF3TURBd01EQXdNREF3TURBd01EQXdNQ0lzSW5CeWIzQnZjMkZzWDNCbGNtbHZaQ0k2SWpZd05EZ3dNREF3TURBd01EQXdNQ0lzSW1KdmRXNTBlVjlpYjI1a0lqb2lNVEF3TURBd01EQXdNREF3TURBd01EQXdNREF3TURBd0lpd2lZbTkxYm5SNVgyWnZjbWRwZG1WdVpYTnpYM0JsY21sdlpDSTZJall3TkRnd01EQXdNREF3TURBd01DSjlMQ0pqYjI1bWFXY2lPbnNpYm1GdFpTSTZJblJsYzNRdFpHRnZMV0p5YnlJc0luQjFjbkJ2YzJVaU9pSWlMQ0p0WlhSaFpHRjBZU0k2SW1WNVNtMWlSMFp1VVRJNU1scFlTV2xQYVVwT1ZXeENUMVpxYkRWWU1VNUVZMWhqTUZVd05VNWlNRnB3WTBabmFVeERTbTFpUjBadVZFYzVibUo1U1RaSmFVbHpTVzFTY0dNelFuTlpXR3hQV1ZjeGJFbHFiMmxXUlZaVVZrTkNSVkZWT0dkUmJFcFFTV2wzYVdKSFZtNVpWM2RwVDI1emFXSkhWbTVaVjNoVVpFZEdNR1JZVFdsUGFVbHBURU5LYzFwWFpHaGlSWGh3WW0xemFVOXBTV2xtV0RBOUluMTkifQ==", "method_name": "create"}');
INSERT INTO transaction_actions (transaction_hash, index_in_transaction, action_kind, args) VALUES ('5VU8Jk6avWa6GVo9SaAiATrZB9ruz8xVCEN2QLHK5Xk8', 0, 'FUNCTION_CALL', '{"gas": 125000000000000, "deposit": "1000000000000000000000000", "args_json": {}, "args_base64": "e30=", "method_name": "deposit_and_stake"}');

INSERT INTO transactions (transaction_hash, included_in_block_hash, included_in_chunk_hash, index_in_chunk, block_timestamp, signer_account_id, signer_key, nonce, receiver_account_id, signature, status, converted_into_receipt_id, receipt_conversion_gas_burnt, receipt_conversion_tokens_burnt) VALUES ('2wgMV44CLoBEnXGtpiypkEBhD93qSM4Po6LhJ8oUjLE1', 'DEi69GFgX9s88qsLiou2rnQwVJ4BEPDGwYgtjUFHVR2G', 'GrF9JidtDZ7VnuW9tZU1o1uYHDc4xfSd7ysHBXt7ixEB', 1, 1659425577086097808, 'nf-payments.near', 'ed25519:7i4mKFA7qVs6HWhUmdk5rDoNDVkxZ8ZzvN6X1QGvHNoM', 49510257002391, 'a0b86991c6218b36c1d19d4a2e9eb0ce3606eb48.factory.bridge.near', 'ed25519:Z75kz7NLxu1Y2QxKuveuXQtxXfsJwz2KcGFCkbbSuQUUaGQEJKwoa5BRtA5PzrdFNYgSjACoVfJBeYLj4ggPLZa', 'SUCCESS_RECEIPT_ID', '6zvAVR5e3D1XkHVNXKG8aNxuv2uXFSRUXPhLV2UZuehb', 2428075279446, 242807527944600000000);
INSERT INTO transactions (transaction_hash, included_in_block_hash, included_in_chunk_hash, index_in_chunk, block_timestamp, signer_account_id, signer_key, nonce, receiver_account_id, signature, status, converted_into_receipt_id, receipt_conversion_gas_burnt, receipt_conversion_tokens_burnt) VALUES ('C9jJx747tTb4oqBZqLZa3T12VDXbsCLErDsKQXjpWRi6', 'EumKHVAc8mAkeRZWmfZGzM6yxqfMbQYRkRGK3VB6fsoP', '3tRt4abP2T5czVXDyACdBUhsZHwEDmK6WpezSfegsbPy', 1, 1646394318808172501, 'newafro.near', 'ed25519:EHPeimCFYsnn3LnFYsECPBtTdwi5nLnJZzkvgkWnCAx6', 60729751000007, 'a0b86991c6218b36c1d19d4a2e9eb0ce3606eb48.factory.bridge.near', 'ed25519:2YJCrVvG9f8B27sJAwjsbU5RPwcR2xYpEe2PZXUrvPY8tyJwJykfNgAYJHgVqoNGrMsWLJVY5AP5Bdb1SNhMMXWW', 'SUCCESS_RECEIPT_ID', '6US2dPJJFEPkomNUA1HKvnSRfEUBLGNkXJyEHVjLABNk', 2428102110654, 242810211065400000000);
INSERT INTO transactions (transaction_hash, included_in_block_hash, included_in_chunk_hash, index_in_chunk, block_timestamp, signer_account_id, signer_key, nonce, receiver_account_id, signature, status, converted_into_receipt_id, receipt_conversion_gas_burnt, receipt_conversion_tokens_burnt) VALUES ('4H8igWBSUo5DR74jBbmq4vpKAvcjanTJ5Ep6VaASiP1j', '5KwsRRuUdC8BNcry6Nep36fmM2S5PRNEX1BDaUzstHnc', '2NvYTnH86Ykza8kNxjEuSGBTDHFGSKc8P6wVYjnoSSZf', 1, 1646727971441927782, 'newafro.near', 'ed25519:CyX5mAUQ3R3qmT2LJapmbyMFthVmMXkV13KamesnVcsx', 60996094000004, 'x.paras.near', 'ed25519:5Mp6nePaiXUaGjuq9xbS1TfQqZn2HfnBXggYdE1iZnX7cLjoBxvugHzjDGquSuj6EFkJw2AMwvFF3VCMTe2hwx7W', 'SUCCESS_RECEIPT_ID', 'HWdLXQ8sSB2xyv5v5jFwxkJxFdjydmqBC39xSjkAWZSH', 2428064099776, 242806409977600000000);
INSERT INTO transactions (transaction_hash, included_in_block_hash, included_in_chunk_hash, index_in_chunk, block_timestamp, signer_account_id, signer_key, nonce, receiver_account_id, signature, status, converted_into_receipt_id, receipt_conversion_gas_burnt, receipt_conversion_tokens_burnt) VALUES ('3dqxSssGJpz8pGTb5FB8M2u6G4VjBqReAm1KMg7no6fE', 'Gs47DdPY7CEmczkZjpJNMyurYvbjFq1oh8Kkaty28vo8', '3bjbqUEeijcb2AQps4g9LJvUshuJaP49W8A1iNqErpVG', 0, 1666881098583560038, 'nfendowment03.near', 'ed25519:BFVZgNSbUf3rVcwFww7vbXXfWy38VLgpv3PdPFbHotkP', 74620854000011, 'nfendowment03.near', 'ed25519:ENSFZY7aqoVJ3A4EzE3NxJd7E6Taft1FU4xdNmwvu6Vemc7mTPR1BoDdT5iwW15ep7stzGo6Xf9knZesQgB7LfD', 'SUCCESS_RECEIPT_ID', '5bvHRdH9s1zk1sXuBsv4j16sLE4mqWo3DQxDzeBf4goQ', 2427974662416, 242797466241600000000);
INSERT INTO transactions (transaction_hash, included_in_block_hash, included_in_chunk_hash, index_in_chunk, block_timestamp, signer_account_id, signer_key, nonce, receiver_account_id, signature, status, converted_into_receipt_id, receipt_conversion_gas_burnt, receipt_conversion_tokens_burnt) VALUES ('HEwRgBMb11z9fzY4b6c4mHNRFAaddYsb63K5mfoNSA7u', '28Bw7ckcNie8NWRcotApFDsdXJo2WtUggtkjekYcJRYk', 'BNdAGGFioKym5FdySmvZf6zjxcV6jERcjiRWhvw3iYEJ', 0, 1646395095294836635, 'newafro.near', 'ed25519:EHPeimCFYsnn3LnFYsECPBtTdwi5nLnJZzkvgkWnCAx6', 60729751000012, 'token.v2.ref-finance.near', 'ed25519:4nXMchu8AmAPEcq5PirBueJtx7Qjm7FJDFcD8cpHSx5cigLSWp1M6k8yakPEpvCKL3NvyYFXyUpHDYJHVGSMScjE', 'SUCCESS_RECEIPT_ID', 'KGjLkZ1jTvvfbYcDjS4Sr7vumrTGpwPM2nBbXSzhH71', 2428075279446, 242807527944600000000);
INSERT INTO transactions (transaction_hash, included_in_block_hash, included_in_chunk_hash, index_in_chunk, block_timestamp, signer_account_id, signer_key, nonce, receiver_account_id, signature, status, converted_into_receipt_id, receipt_conversion_gas_burnt, receipt_conversion_tokens_burnt) VALUES ('FzfAU2MWTj76L3jRWo6wYQSmj1WR6GdHZNZZ5fKfVUjm', 'D9Ghy8K9y5Y2QWpuMMC4ZH3yTLR26Df4cu1K3kixWySH', '9NoPpS2q5Xpwcj6pNNFqjroogWgE15VuiUVvH8mDHbaX', 1, 1646393104775468738, '54a698eae4063a944e673debe90a0287fdc278250179e3c1d580ec418f36e79b', 'ed25519:5hQyc3zf2UXhEMWbXVyztxdXF5BDXZ9aNJSFftHUHpk6', 60728946000001, 'near', 'ed25519:3FJuvyyphJxv38g4N3RJhH7rodqD4UBmpRnnz6hAwAYiUZWkj5gdR2xDCqNoLJmm4TgCHMAQ5pHENStnbnLLwdrS', 'SUCCESS_RECEIPT_ID', 'HpMfG5HTjVEmw2PBq7J8tBy9k4pemr1j2emtLaCEu8FW', 2428169188674, 242816918867400000000);
INSERT INTO transactions (transaction_hash, included_in_block_hash, included_in_chunk_hash, index_in_chunk, block_timestamp, signer_account_id, signer_key, nonce, receiver_account_id, signature, status, converted_into_receipt_id, receipt_conversion_gas_burnt, receipt_conversion_tokens_burnt) VALUES ('G6BeJHJqZuYG1At2KUgxEqduNApZAyZaguHcws1vQ9tk', '541x8ZU52FkKYgnQzQ6uEUZ3FsAuNoh2Z5zQbauDxn2Q', 'GPD3fJ8T1DD2uBz9o1AKzB2YrfPdZwPdX4dBofRjt29Y', 1, 1646729129224262612, 'newafro.near', 'ed25519:4Jp2C8PA3GfWtF8EftwHvshePEBdBSYzVEsUxQMqaLPw', 60997094000001, 'multisender.app.near', 'ed25519:5Ja6W71HeiEiE6eZjN7YxjySbgM1rVfh8bX8Kxsz44W2bCcYJdkMR3YnNTfEnJu7Fp8KQd6VLpZv351nVmjBfXqY', 'SUCCESS_RECEIPT_ID', 'znZaVgBnZ7gWHBXGUpp49DRurMpx9behKovpyujPRkP', 2428314524384, 242831452438400000000);
INSERT INTO transactions (transaction_hash, included_in_block_hash, included_in_chunk_hash, index_in_chunk, block_timestamp, signer_account_id, signer_key, nonce, receiver_account_id, signature, status, converted_into_receipt_id, receipt_conversion_gas_burnt, receipt_conversion_tokens_burnt) VALUES ('Aga3Kfp7KZzXjamL3iH1EJSqdaj77aE4J53Vsz4busGq', 'CbDuMJofpWqmwVq3HzsGqfa9AYZ5VkpdGffRsPA97toU', '6ZcFRjSmd6KuW9g3ZAxJSetJx2X8cwhkumSEmiZUr8p8', 6, 1646729708849195150, 'newafro.near', 'ed25519:8FiezMQHJJxJQrzsfDs7bmWHVACT7ked9N1mHbJMaTsB', 60996816000014, 'stardust.poolv1.near', 'ed25519:2gkeNPjEAbAikCLwFcmhDrkdksDb68R6eDixXtD2hKfpg32wW7Lqacr15QRX5PQpoWu2EQdqCSJ95XdnTKhunLoa', 'SUCCESS_RECEIPT_ID', '43V76aigJJyRPprBj5S472BkRcPoodkbTK33QxWPd6NA', 2427950067142, 242795006714200000000);
INSERT INTO transactions (transaction_hash, included_in_block_hash, included_in_chunk_hash, index_in_chunk, block_timestamp, signer_account_id, signer_key, nonce, receiver_account_id, signature, status, converted_into_receipt_id, receipt_conversion_gas_burnt, receipt_conversion_tokens_burnt) VALUES ('FnRqwXkEnP7AChHpPRyaDjBgHRhCgw64UEzXxncyG6gs', 'CGJfKt9ti578UiqxswFYJW9N3YGmBL7Q4wm574kA3T7Q', '3A3spBN3ZTQmn9cFvzdeQL4cnSy6KbVux4avBKVrg45N', 1, 1646394045856636949, 'newafro.near', 'ed25519:EHPeimCFYsnn3LnFYsECPBtTdwi5nLnJZzkvgkWnCAx6', 60729751000004, 'wrap.near', 'ed25519:4PQrcdPZ6HYuwG3z1qSZjGcZupv3a3rSsrTvFsCtaapdTeFmKQpxnXMXpi5KwSvsu7eKrnS1yTWVC9Bw39outaeG', 'SUCCESS_RECEIPT_ID', 'G4HpHm39jUamQ8oRv939aJqWx5wKq2BZkSZVg9KK3AgV', 2428640970748, 242864097074800000000);
INSERT INTO transactions (transaction_hash, included_in_block_hash, included_in_chunk_hash, index_in_chunk, block_timestamp, signer_account_id, signer_key, nonce, receiver_account_id, signature, status, converted_into_receipt_id, receipt_conversion_gas_burnt, receipt_conversion_tokens_burnt) VALUES ('GrLxZ12FJkk3nX5ab5JcFtUWuLAKJ7gUAgVftWzghjRF', '3dsZJkR1DgGyo3Gxv6FPdjVTds8VesTMbWVghc2Nd6xG', '4q8ZCUuCmHqkGV2KTM3N8Sr8bMJfEyazEozCQLiE5epF', 5, 1646395331749821206, 'newafro.near', 'ed25519:EHPeimCFYsnn3LnFYsECPBtTdwi5nLnJZzkvgkWnCAx6', 60729751000019, 'xtoken.ref-finance.near', 'ed25519:5bpPwzZ17heBNaMoG5qciTjSEfLWnun8zZJV3Woh9kXRQs2h9nGGs6dVK8azPVJCeFw7MgDgR4PRrerjhAhS9DUr', 'SUCCESS_RECEIPT_ID', 'E2tHsqkVpoDoCBsuj5PHA1jyHRLFkRdpD1DVLESLXG73', 2428017145162, 242801714516200000000);
INSERT INTO transactions (transaction_hash, included_in_block_hash, included_in_chunk_hash, index_in_chunk, block_timestamp, signer_account_id, signer_key, nonce, receiver_account_id, signature, status, converted_into_receipt_id, receipt_conversion_gas_burnt, receipt_conversion_tokens_burnt) VALUES ('5wYrKfHw2YvkDbVQhXgwhhvafWuH14jYHgzupLpohhHj', '2TVfdtSEQJ5oMBUrNJpsVLRSh93DEQanBVrnP4uuVzNB', 'CHQrkWUb1Wg6r8wZLX8an4Hxm9yRbNZGMb2kDfm6BUMg', 2, 1646729906002185282, 'newafro.near', 'ed25519:8FiezMQHJJxJQrzsfDs7bmWHVACT7ked9N1mHbJMaTsB', 60996816000017, 'lockup.near', 'ed25519:3LuaRZGy9ZpA86d79uvdaBD3wgWPuB4PykcJV6RwAKhga1YEnQkPczy4QDvcomizMDWRgEGFK2KV7ta45iZs87b8', 'SUCCESS_RECEIPT_ID', 'EupUF727HCtxMMDULHv6mpMW2Kk8AN4xCM9o7H6z68Lo', 2428535881850, 242853588185000000000);
INSERT INTO transactions (transaction_hash, included_in_block_hash, included_in_chunk_hash, index_in_chunk, block_timestamp, signer_account_id, signer_key, nonce, receiver_account_id, signature, status, converted_into_receipt_id, receipt_conversion_gas_burnt, receipt_conversion_tokens_burnt) VALUES ('51xpbsT2Uinebop1uA68QDu2Rf2PymqgRUDny9tmLN1u', '7hzE6KMeXEVZSiCGK25ZX29TcKn4pQbg2Urz9Z2DuoDN', 'EYg3NWKYtdJtNP3gcqHKAtanMdBeLmSj1vpy2Ng3PNqb', 0, 1646753418339417767, 'nfendowment01.near', 'ed25519:83FypMruGEJD4XUAxeBpuVW3tiAPxt62ZsXqMAMt9vQE', 54750859000071, 'nfendowment01.near', 'ed25519:4UM3TUTcyGA5gnXztXnWntG2gxZUBeqX5vceRrWTcYztVrt11pcY61NV6pk5pcRLu9r6Up1CF73nZZ5j9d4WMieQ', 'SUCCESS_RECEIPT_ID', '7kYizEUDjWrgijGC8vDcLmRhhpc6Uc6PvEdWG92CCJ3h', 2427974662416, 242797466241600000000);
INSERT INTO transactions (transaction_hash, included_in_block_hash, included_in_chunk_hash, index_in_chunk, block_timestamp, signer_account_id, signer_key, nonce, receiver_account_id, signature, status, converted_into_receipt_id, receipt_conversion_gas_burnt, receipt_conversion_tokens_burnt) VALUES ('5i3cbbnAWpPT2NZL1hsyUPjjLMJqvUTf1fnRcccAJnJV', '9yJx4oCJEJgWJoRokDY7ePLBMAafQ66kCVBGiGwrjXbe', 'Zw1H11ZRF83RNy3hAcY266g3Rgxwfqmukn7bumncbLx', 0, 1646734466886577663, 'newafro.near', 'ed25519:HAgTfLeQio24Gczs5DnHkYmDTtxgoHyTcy6NwKNJnhKb', 60998007000001, 'wrap.near', 'ed25519:2RtUAdufN166mLzyKcqsdubS4uSkc8vY6G7UUR6Z9zqPKyR8AQukQPhC4yTSr1aiYWppqyR5SfW84ZBNq5Mfun8d', 'SUCCESS_RECEIPT_ID', '3iLDZCpKkZhNMWp6HFu5eVCSEbw9cVXzD2BfL9UtpqXK', 4748120126034, 474812012603400000000);
INSERT INTO transactions (transaction_hash, included_in_block_hash, included_in_chunk_hash, index_in_chunk, block_timestamp, signer_account_id, signer_key, nonce, receiver_account_id, signature, status, converted_into_receipt_id, receipt_conversion_gas_burnt, receipt_conversion_tokens_burnt) VALUES ('CBVYk7KYwbMmBexucxWbUe9apibk11ZgquX5YmRrVV5', 'BariCx431pJLbZbQph84e64CXxKXnpfzWuKN2phhhoYs', 'Hvo23iZnduwXFkKvRSvpewrB978gGYVMc4L3EGRiS1Tz', 6, 1646395162401111125, 'newafro.near', 'ed25519:EHPeimCFYsnn3LnFYsECPBtTdwi5nLnJZzkvgkWnCAx6', 60729751000015, 'v2.ref-farming.near', 'ed25519:4wzVLUg5tqXCCrhCv6HEaBFfiiovHwKJQ4BEqusWxcvLvNoTQBnP8oY9RWXJEi62vS2mcSEMQjNLEGBFYdx159G3', 'SUCCESS_RECEIPT_ID', 'A8Xxd1Fz6Lo5qQ9iM7XPPAKv1UoA1D1HfRj5wnuU689Y', 2428126705928, 242812670592800000000);
INSERT INTO transactions (transaction_hash, included_in_block_hash, included_in_chunk_hash, index_in_chunk, block_timestamp, signer_account_id, signer_key, nonce, receiver_account_id, signature, status, converted_into_receipt_id, receipt_conversion_gas_burnt, receipt_conversion_tokens_burnt) VALUES ('4p9QaCH4tbnwhiB87kNVTGNWtkqLomsom1QiBhD7MBA6', 'FfzK8FJFjPrSHiJmxhrC8CRuhgyvTUDyGGVvvep2HgST', '5AfLK6iNdvnR9iofU3La1J4gdX5xzrVL9nDUfMLW68GV', 4, 1646394645715905368, 'newafro.near', 'ed25519:EHPeimCFYsnn3LnFYsECPBtTdwi5nLnJZzkvgkWnCAx6', 60729751000009, 'v2.ref-finance.near', 'ed25519:WvCNqgdDgoZceo1T8nR2T3JM986b6uVZBqphnhhdVa1RWo3ULxAysuuQQrgJ1Dh8cMA4Qm9ymqhLdAiuWDBwuc1', 'SUCCESS_RECEIPT_ID', 'GJxRRo7oF1qxTCQ5dfKdzWrw5Zygf8VmGtg9VUnM3ofq', 2428088695050, 242808869505000000000);
INSERT INTO transactions (transaction_hash, included_in_block_hash, included_in_chunk_hash, index_in_chunk, block_timestamp, signer_account_id, signer_key, nonce, receiver_account_id, signature, status, converted_into_receipt_id, receipt_conversion_gas_burnt, receipt_conversion_tokens_burnt) VALUES ('7txqVCimDiP6zcFVYUbKXMGvVLQq9HKiEeu7K1s3gebL', '9TNUVNqMWjkSDHSjgUvVwYiFqfqM5fUNWqCL8uHc1Zb9', 'DKQroxnyrAyBXp1rafwvCKQnJ7NWPwwBXbjrBK2wwa5H', 0, 1646728097273550975, 'newafro.near', 'ed25519:CyX5mAUQ3R3qmT2LJapmbyMFthVmMXkV13KamesnVcsx', 60996094000005, 'x.paras.near', 'ed25519:mYU1fhBMeBMHwq6JpTn1H9dm5bo13wVbiQisB2MKDQUcomm3yN5W9DKWL9FHDwv5Mxxi5bvFmCBaXux53nQoVSq', 'SUCCESS_RECEIPT_ID', '5Y3NNSNn14LRwNrcDvX2B1Tw6vF6T55uC2dz96weEcoG', 2428077515380, 242807751538000000000);
INSERT INTO transactions (transaction_hash, included_in_block_hash, included_in_chunk_hash, index_in_chunk, block_timestamp, signer_account_id, signer_key, nonce, receiver_account_id, signature, status, converted_into_receipt_id, receipt_conversion_gas_burnt, receipt_conversion_tokens_burnt) VALUES ('482h2CQhp7nToNMnsVY72Ywyz1TPjX6q6V5VwSorDjzF', 'AYhojZKRqV4mziLUD8nSeVAqExzdqax8sb75Xu3gfMNA', '7Rka1F8uvPkwbTxAUyJokfTWd9tKkFN7PxErE3yKGzPS', 0, 1646393887048095471, 'newafro.near', 'ed25519:FmJMMGabLzyAFCjTxmx1C4cm8vgTKTU63m9nRdsYLg9S', 60729679000001, 'newafro.near', 'ed25519:57eRYGBexFU4N78yjBDM7cYED271SV1hpEWEV5cqB1kVkxKNk6XVcL3URKbGj9PLMVkkebPfE8RUFd9FKTuTpSGY', 'SUCCESS_RECEIPT_ID', 'HzCgTdvmsqTywgH63Yk6GYCBT3N1b8TmfdN7nLNC2jhh', 2427972426482, 242797242648200000000);
INSERT INTO transactions (transaction_hash, included_in_block_hash, included_in_chunk_hash, index_in_chunk, block_timestamp, signer_account_id, signer_key, nonce, receiver_account_id, signature, status, converted_into_receipt_id, receipt_conversion_gas_burnt, receipt_conversion_tokens_burnt) VALUES ('9917LYw2QTMhvN2BWb8knCnxyi6yzUUvycUJAbJGt4dM', '9EBk2Ts5aepE6vMztuKcWqSA67vsDpZbhEqk5chGWJzE', '61b6zQGVZ6e2KA2Hc7F1KfeoJEMPpUYdY5HHKTmQDTya', 0, 1632824679640349711, 'nfendowment01.near', 'ed25519:CpwMLog6WH4Mb6JpPfA1HCQzUT2Zn4g3i1MNxtuuDuMz', 42, 'nfendowment01.near', 'ed25519:5Rib4L34HmMApKRRGLP4uEKgafQdzUU2ZzdxL2ytiGU7dVnm5FKHp5otdAyscaUxmsEpfgyQCbkNPKx2ta88XShn', 'SUCCESS_RECEIPT_ID', 'CUS3y7n8mgV2ED3VP7LUQQUf4fmqxqsPSAM9bnwNowPP', 2427974662416, 242797466241600000000);
INSERT INTO transactions (transaction_hash, included_in_block_hash, included_in_chunk_hash, index_in_chunk, block_timestamp, signer_account_id, signer_key, nonce, receiver_account_id, signature, status, converted_into_receipt_id, receipt_conversion_gas_burnt, receipt_conversion_tokens_burnt) VALUES ('Wc15ScL3hVMJB1EPymmgQ1JwaE14ejpTbPBP2guGDFf', 'HbbN1xDqKrauRvRFpSWFMHjXaoD49WLBfAQeb43mZZJZ', 'Fzgmd4rnTY3rPiGfs75RHGAs3FAuB1uMdjXihd2sha2h', 0, 1646393740318318106, 'newafro.near', 'ed25519:EHPeimCFYsnn3LnFYsECPBtTdwi5nLnJZzkvgkWnCAx6', 60729135000001, 'linkdropping.near', 'ed25519:Y42VqaCJmX7uWcF4pHY5k3VsixFbmcgarxP8CZN17Cbqq21Hc75a7EqUASf5ukfK57j7WWjGnsiingBkEJZVsht', 'SUCCESS_RECEIPT_ID', '8ggVvSUo7PEB4rLTXRrQvLAZoHXUtusK8ssBZLkQ5oEH', 223182562500, 22318256250000000000);
INSERT INTO transactions (transaction_hash, included_in_block_hash, included_in_chunk_hash, index_in_chunk, block_timestamp, signer_account_id, signer_key, nonce, receiver_account_id, signature, status, converted_into_receipt_id, receipt_conversion_gas_burnt, receipt_conversion_tokens_burnt) VALUES ('35maJRyrCCK6YNW5Mo1z5ovRh2JEb6q6aRUsnhe9XPJ9', 'CuVHZCP3VGnrq9o9nP4Z96AiJaB8MWES5rEBKdmEMCGx', '3nnHTJPHQXwTVXv81YyMzre7QP4VKm7dxG2GgZEVPo1w', 8, 1646394730067775626, 'newafro.near', 'ed25519:EHPeimCFYsnn3LnFYsECPBtTdwi5nLnJZzkvgkWnCAx6', 60729751000010, 'v2.ref-farming.near', 'ed25519:2cZNA5CQHvekgZ9RiUWHkC8feMqPpJgUuCRoAhTH6RSo54KswDu1KddMTm9the5yG5pbQydMtQjBt5BBkhZjUvF9', 'SUCCESS_RECEIPT_ID', 'F5vaYuHPZgqKbNcjnJ9iJam62yp1ForjJ8LQCpDATjgh', 2428077515380, 242807751538000000000);
INSERT INTO transactions (transaction_hash, included_in_block_hash, included_in_chunk_hash, index_in_chunk, block_timestamp, signer_account_id, signer_key, nonce, receiver_account_id, signature, status, converted_into_receipt_id, receipt_conversion_gas_burnt, receipt_conversion_tokens_burnt) VALUES ('3iMCGrpwyBx5yFYppoUiSmZXdoTghbg642Tq7SYaQjnL', 'Deqo4JTuCAkfbhudXBixUUDTcKmHpowHNNkNNhVsqkBb', '9vBx35WJCszsV2zfHyPkjKRDEBsg1ucrMNDPv5BPyTr7', 0, 1646728949950280766, 'newafro.near', 'ed25519:8FiezMQHJJxJQrzsfDs7bmWHVACT7ked9N1mHbJMaTsB', 60996816000006, 'test-dao-bro.sputnik-dao.near', 'ed25519:51bwPAs865v7j2A9GWktSyncJvHgvG75urPYkAtPaNrF1RVfddus4pYbMqC8HgHQgXCPKH4miJnuGVwhffzW7rFT', 'SUCCESS_RECEIPT_ID', 'HSNsWrxL5FrnXstbTQfb5hZHiCGysTd5Zkd4MbLhrLX1', 2428017145162, 242801714516200000000);
INSERT INTO transactions (transaction_hash, included_in_block_hash, included_in_chunk_hash, index_in_chunk, block_timestamp, signer_account_id, signer_key, nonce, receiver_account_id, signature, status, converted_into_receipt_id, receipt_conversion_gas_burnt, receipt_conversion_tokens_burnt) VALUES ('GLcX3NfUJK9s2UPznNMhNn9L9Go3ikKxMMymW8AM4YJ9', 'FyUjmKSh4haAPY8LnuDaNULwMdv1wBF4iABVX4QPxnEZ', '878nticf78Ztb4ZShLZHkWrU1SBrWFBADt7AyeyRsjrb', 1, 1646393797488301329, 'newafro.near', 'ed25519:EHPeimCFYsnn3LnFYsECPBtTdwi5nLnJZzkvgkWnCAx6', 60729135000002, 'newafro.near', 'ed25519:zHySQrr9wEmnzCXXN4cZx2swUevRiNXy5mSuiQusZxdxSu1CeYYknWaVJnuvqvJutdas1o637qkvzVmqE9g9sY5', 'SUCCESS_RECEIPT_ID', '4LgCKrU63fGMeJGvD9ufCNn4h3Sp8bvzF42kgHWMpw51', 5338398765356, 533839876535600000000);
INSERT INTO transactions (transaction_hash, included_in_block_hash, included_in_chunk_hash, index_in_chunk, block_timestamp, signer_account_id, signer_key, nonce, receiver_account_id, signature, status, converted_into_receipt_id, receipt_conversion_gas_burnt, receipt_conversion_tokens_burnt) VALUES ('FGqb2JzR1gVo1CzP2DynWWprH1qSwpLPxE4xbETU8KrB', 'ACtNYZTQm5TkatAHbAcTCmMBfXBt2XdHC9yv3JmdkpLM', 'CqZF1TerCjPpVKnoHgVPcmi9RhUhfV42C47K67uNsWg6', 1, 1646729044945554214, 'newafro.near', 'ed25519:8FiezMQHJJxJQrzsfDs7bmWHVACT7ked9N1mHbJMaTsB', 60996816000008, 'multisender.app.near', 'ed25519:5zhdhVwHCDPmbxNtFST86HJeMU8KAZ7pLjsU853ykyczXLE8nNGTCuxS3rwuWSv5qCdkk4ie7w75G1nS8NsaQyVd', 'SUCCESS_RECEIPT_ID', '5ANwuVG8W9m1me4VZfpR9zYnwqmab2zC24ThgBSrtLRn', 2428305580648, 242830558064800000000);
INSERT INTO transactions (transaction_hash, included_in_block_hash, included_in_chunk_hash, index_in_chunk, block_timestamp, signer_account_id, signer_key, nonce, receiver_account_id, signature, status, converted_into_receipt_id, receipt_conversion_gas_burnt, receipt_conversion_tokens_burnt) VALUES ('7kccJT1TchJHXKbenctCjYPtVHc8C4vt6p3utowekmqU', 'EaHTPCg6YKAo6BieLSPmw5MR7FneiQNYqRwQXHWkqYw6', 'FnGgpqwfc6g48nFWHh4bKMCjbY8SdD6HAyoVPUBrdzbY', 6, 1646728892525279364, 'newafro.near', 'ed25519:8FiezMQHJJxJQrzsfDs7bmWHVACT7ked9N1mHbJMaTsB', 60996816000005, 'test-dao-bro.sputnik-dao.near', 'ed25519:5NoT7N3ezzpSVcgsCAv8zaezY2jTV8mfiWzCHgiBLkdyWzzhz9YdEtSK5anZJC5i77tiSQDUJdC7oDnJEX9jZswd', 'SUCCESS_RECEIPT_ID', 'HGu1i41UC6pCY4uRqaxnYmeLsHnG5UhvF8wy3Ft7ziy3', 2428283221308, 242828322130800000000);
INSERT INTO transactions (transaction_hash, included_in_block_hash, included_in_chunk_hash, index_in_chunk, block_timestamp, signer_account_id, signer_key, nonce, receiver_account_id, signature, status, converted_into_receipt_id, receipt_conversion_gas_burnt, receipt_conversion_tokens_burnt) VALUES ('HC7iGGSXF1Jdq9pa7tJYZtu4ub2TGKumcfNp4FhttHbc', '69arWJx4JakyFCp5VQ2UjR8qtPGc7dEmCxU1U5tMCRei', 'HZbiTtZeX3cdoDL5vEti6yMfrrw6mimnVWkPtH7VWZFC', 0, 1646729309229528809, 'newafro.near', 'ed25519:8FiezMQHJJxJQrzsfDs7bmWHVACT7ked9N1mHbJMaTsB', 60996816000011, 'v2.ref-finance.near', 'ed25519:2EEmyYGfeWzatF8gS4et5chWNb3GPKdZbdoS4z7rXNqQgRcnnk7CgmRa2Hwzrpr3bJXx3mKmzqApSaZGSMBQhoYW', 'SUCCESS_RECEIPT_ID', 'DJrDN4AWzmb8k8nRiZeQibWCJcizTHf96x2xeiqfFHYg', 7068305836464, 706830583646400000000);
INSERT INTO transactions (transaction_hash, included_in_block_hash, included_in_chunk_hash, index_in_chunk, block_timestamp, signer_account_id, signer_key, nonce, receiver_account_id, signature, status, converted_into_receipt_id, receipt_conversion_gas_burnt, receipt_conversion_tokens_burnt) VALUES ('iGUyvvwnsFRK3fcSZT8KtWb71TnsJiXh3GcnbAcFTzp', '4rZGEMZY56TNXBvcpKZwxEytL6AuUM1P8WPbmKEuLLBN', '5ueGhfFJpFgsog5pE8yBqD7BxS5htFbk91iWB919kTia', 0, 1646727821011267509, 'newafro.near', 'ed25519:CyX5mAUQ3R3qmT2LJapmbyMFthVmMXkV13KamesnVcsx', 60996094000002, 'token.v2.ref-finance.near', 'ed25519:5YuBuhRqT5Pecedt3zgBtFBY5YPYaWghDNZYh2REMihaAkucSYCYiSsPu9eK1Zmk17RzM2YzScsuKrK83XFuxDn7', 'SUCCESS_RECEIPT_ID', '4BwKynMch9naQZZwD3VqJKowkq4PMktDAbqrAgtJBpRv', 2428081987248, 242808198724800000000);
INSERT INTO transactions (transaction_hash, included_in_block_hash, included_in_chunk_hash, index_in_chunk, block_timestamp, signer_account_id, signer_key, nonce, receiver_account_id, signature, status, converted_into_receipt_id, receipt_conversion_gas_burnt, receipt_conversion_tokens_burnt) VALUES ('HRiN7sfoiQxBqZpZjuVTDCviUcjrWyXtq8Z5uVsqLev5', 'G7ktUyzDBsEdZSTFpk1C7EEy9um23kK2PgjVgeN3Un9h', 'AF65UcxCJAFpiLPNCcQA3kBgzf3xTshJJ9VzhEE2pw9s', 1, 1646728838477857630, 'newafro.near', 'ed25519:8FiezMQHJJxJQrzsfDs7bmWHVACT7ked9N1mHbJMaTsB', 60996816000004, 'test-dao-bro.sputnik-dao.near', 'ed25519:514LPG3c8PDVMzJJimXCNjAeUdEsAjAYr2d8zbZDKRnjNjpJKLYVgaNKe8G6eTSqAhFXE2227Ype5DFwp2awbN9m', 'SUCCESS_RECEIPT_ID', '88ud3XWwJv23MCRjmWsj9tP1hMsLAoqt7HsEKchikLGh', 223182562500, 22318256250000000000);
INSERT INTO transactions (transaction_hash, included_in_block_hash, included_in_chunk_hash, index_in_chunk, block_timestamp, signer_account_id, signer_key, nonce, receiver_account_id, signature, status, converted_into_receipt_id, receipt_conversion_gas_burnt, receipt_conversion_tokens_burnt) VALUES ('6MYAXgsTZMdcdizxU27FfJzsfkcRSRmJsC4a2DHQf1ae', 'FuYEjCYwy8Mz7jaquQemMsTkBj2vcUERRHP6YyS11DpF', '2dVqqLjov1Fo3WrkeVuyvereamUkRcPKgg8AKSKYJdMN', 0, 1646734638342874150, 'newafro.near', 'ed25519:HAgTfLeQio24Gczs5DnHkYmDTtxgoHyTcy6NwKNJnhKb', 60998007000002, 'e-near.near', 'ed25519:ZDRgsnmhWGXqooF54oU6DUwKfzx6Jic2ZBRqBjGgFdzeXWJTLog3m5Heh1ofrRkiGuyEx7qrjZQaUqD5SeB6Xzc', 'SUCCESS_RECEIPT_ID', '51KpJ6ut71QRQx2ECBzy9ik3WiwoNQw9CBZwrPS3iu6G', 2428097638786, 242809763878600000000);
INSERT INTO transactions (transaction_hash, included_in_block_hash, included_in_chunk_hash, index_in_chunk, block_timestamp, signer_account_id, signer_key, nonce, receiver_account_id, signature, status, converted_into_receipt_id, receipt_conversion_gas_burnt, receipt_conversion_tokens_burnt) VALUES ('F8uxSCKwgMKTxk4tbnF7nPb45Y5EmLPEpcpB9EiuihyH', '7DRTr4P7gVT3xNHq6iU4PYFhmtdHPTkNF6EibJ5iBLdE', 'CpE17yVTxaGCkX4aHfqCnLwazbxZfkQF8kpp8g7hf3Gq', 5, 1646394937558433125, 'newafro.near', 'ed25519:4qCKsGZaGS5zfs9gjyPfrQsknGN8Xa5wqejumDyo2YDi', 60729807000001, 'v2.ref-farming.near', 'ed25519:3KyhTmL64QyqSB5JVKLXZmE1UoZhUGMSccyhTJSiMpGpGQoT29PRsTT2XUkyoSPCBHc72pi79TinDYhv6a6Lajyq', 'SUCCESS_RECEIPT_ID', '9nRxeGJFt9xTtUruZu2iWRFyhRNTLdTQxuKAdMaAa3zB', 2428048448238, 242804844823800000000);
INSERT INTO transactions (transaction_hash, included_in_block_hash, included_in_chunk_hash, index_in_chunk, block_timestamp, signer_account_id, signer_key, nonce, receiver_account_id, signature, status, converted_into_receipt_id, receipt_conversion_gas_burnt, receipt_conversion_tokens_burnt) VALUES ('84JWoWUf9HW3QSTYXdXrMYoxuS6gZAtJVDR3GYU5A8E7', 'C87RCKNeGLb2F7TY1RfEGGUh25yf1t6CChYopoboaPG9', 'A6ru891jwkf1Wyecsx1FtGsD3ru4qwEFkLg36otVyK6H', 14, 1651505464768623113, 'nf-payments.near', 'ed25519:7i4mKFA7qVs6HWhUmdk5rDoNDVkxZ8ZzvN6X1QGvHNoM', 49510257001768, 'nf-payments1.near', 'ed25519:2U67ZdNNaERE2EECfURX3L3aJMXWAVT4bK3XbnKGtsmnVwvUKvaU7Jv9izssKumMQaoENTzXQd7fYXxxAXr3DMxi', 'SUCCESS_RECEIPT_ID', '9WNAL2emFAbot9Ca5DXkyJCXrFgkfRrX1YtDHkvcvwHx', 223182562500, 22318256250000000000);
INSERT INTO transactions (transaction_hash, included_in_block_hash, included_in_chunk_hash, index_in_chunk, block_timestamp, signer_account_id, signer_key, nonce, receiver_account_id, signature, status, converted_into_receipt_id, receipt_conversion_gas_burnt, receipt_conversion_tokens_burnt) VALUES ('CnG41PfjS1omzY1bWFEhSWh811w3zWZqsZm8M85ppGr1', 'FJ7TWS5SrepssB2Z1AvxwCpkurndwDR5b9prRkSRAHz6', '4M4x28hL3sFZe8aK9Pj5vt1jRwbqUPyauJbycSJ3eGRr', 2, 1646393978913436353, 'newafro.near', 'ed25519:EHPeimCFYsnn3LnFYsECPBtTdwi5nLnJZzkvgkWnCAx6', 60729751000002, 'wrap.near', 'ed25519:25okXhqpXjAf96WpVVVw4KJF5qXWyQ9Zr8kWuC23HfMo4NoDh92cHwzF1wdgqQVscDvXtF9bBDPkVThUjF6hsKoX', 'SUCCESS_RECEIPT_ID', '4BwMBTRKbnaRMH4Fqm3AQM4kU1G9GeSybad9wrc4cdxS', 2427952303076, 242795230307600000000);
INSERT INTO transactions (transaction_hash, included_in_block_hash, included_in_chunk_hash, index_in_chunk, block_timestamp, signer_account_id, signer_key, nonce, receiver_account_id, signature, status, converted_into_receipt_id, receipt_conversion_gas_burnt, receipt_conversion_tokens_burnt) VALUES ('5KzsCLAHgMxAgH1pMP8tukJx9VCZRhmG4mMrY2L7vpp8', '2YxMsWoxghLZFrFLBgpTighvCNV2wzLhcqsWVZ7jnVgD', 'HX9P2KhGa1ABkfg152fTKHvF2Rajq1iJTnxABcpD61XR', 2, 1646728173152787229, 'newafro.near', 'ed25519:CyX5mAUQ3R3qmT2LJapmbyMFthVmMXkV13KamesnVcsx', 60996094000007, 'near', 'ed25519:4M4cWcpaBse39dQzQ8Eo4nngMptMGRUb11uYmXh4g7t5TxkPWCNebpZ5EzUBUESS1SVbgtL2ZPtSawb2JuCfvVh4', 'SUCCESS_RECEIPT_ID', '66DcPAETUf7RhJAXJXiBm6WE43S5fQ7HgCiZCW1tdUPc', 2428066335710, 242806633571000000000);
INSERT INTO transactions (transaction_hash, included_in_block_hash, included_in_chunk_hash, index_in_chunk, block_timestamp, signer_account_id, signer_key, nonce, receiver_account_id, signature, status, converted_into_receipt_id, receipt_conversion_gas_burnt, receipt_conversion_tokens_burnt) VALUES ('2Qg8p6xcr7WW3c2UUybipn7vKjdtqzU45fxXnw1gERxW', '6f5WiVXHgbzpSPAV9bqSMaJDgSNh5GNX3m9hqoMrYUs4', 'AUnpPbsd47iVN8wgJTRS3sPg5tk1jAXnJAcM8LsTJaCU', 1, 1646729097743310033, 'newafro.near', 'ed25519:8FiezMQHJJxJQrzsfDs7bmWHVACT7ked9N1mHbJMaTsB', 60996816000009, 'multisender.app.near', 'ed25519:5iVxGB9kFS8qrgAEbnrTxPgFBnphMdqHvh52uKwzncZj4b3UeeaqKRJ5UfbTJvw9rpxXz65o7RvH3cyFvJSGUG2o', 'SUCCESS_RECEIPT_ID', 'TKEJxuD2LH4Sq52WBQgVSx21LE3GKFiUb9rSb4ZnmBV', 2427941123406, 242794112340600000000);
INSERT INTO transactions (transaction_hash, included_in_block_hash, included_in_chunk_hash, index_in_chunk, block_timestamp, signer_account_id, signer_key, nonce, receiver_account_id, signature, status, converted_into_receipt_id, receipt_conversion_gas_burnt, receipt_conversion_tokens_burnt) VALUES ('6D61eZGfMHwYCVQaS9pCNivZ73gRxfwDgrVCcmoBedTK', 'BpVVLvoSN5XZby5y7a2hv8XPv73hjmrbYJENsP9VK6mo', '5Nh6mCQdAyBKHK8599gZ2TsxKdu4DXRg8W213xFeULcS', 2, 1646728787592161539, 'newafro.near', 'ed25519:8FiezMQHJJxJQrzsfDs7bmWHVACT7ked9N1mHbJMaTsB', 60996816000003, 'sputnik-dao.near', 'ed25519:DvbmNsSBwWMYGKfHEXJJEz2TDzHHB3n9KVSxRJ3tZDQtgSnc8cU6psAQBnV6ZLbM1H5LBS2ZD1sawASRfk1pQcY', 'SUCCESS_RECEIPT_ID', '6cno4ozxmkJHWHzNL2s1QjVHjsYq5HqfQ5qSNfG4y5NJ', 2430539278714, 243053927871400000000);
INSERT INTO transactions (transaction_hash, included_in_block_hash, included_in_chunk_hash, index_in_chunk, block_timestamp, signer_account_id, signer_key, nonce, receiver_account_id, signature, status, converted_into_receipt_id, receipt_conversion_gas_burnt, receipt_conversion_tokens_burnt) VALUES ('5VU8Jk6avWa6GVo9SaAiATrZB9ruz8xVCEN2QLHK5Xk8', '24ZiWhrhA9ZAB8cUSZm2BAg6JoLkPgA8bHm4frrJrmzG', '3KDSEL4VFzvBeLFry2rjSV3E8PinZooMPSyz6RPLEZSA', 3, 1646729572653685670, 'newafro.near', 'ed25519:8FiezMQHJJxJQrzsfDs7bmWHVACT7ked9N1mHbJMaTsB', 60996816000013, 'stardust.poolv1.near', 'ed25519:2Bc97MtiMUfNC8Feu4GheU9U47qHEBtySQuCKcT9Gz518YAnvtLmF9W4ivSnb47Q8gk2ZKJpJMFY42dZH5qsKeuM', 'SUCCESS_RECEIPT_ID', 'CXfUqKyRMSY8JT2tkfxk1P9zWDjFVZhET76qE217BRVZ', 2427963482746, 242796348274600000000);
