
DROP TABLE IF EXISTS action_receipt_actions; CREATE TABLE action_receipt_actions (
    receipt_id text,
    index_in_action_receipt integer,
    action_kind text,
    args jsonb,
    receipt_predecessor_account_id text,
    receipt_receiver_account_id text,
    receipt_included_in_block_timestamp numeric(20,0)
);

DROP TABLE IF EXISTS blocks; CREATE TABLE blocks (
    block_height numeric(20,0),
    block_hash text,
    prev_block_hash text,
    block_timestamp numeric(20,0),
    total_supply numeric(45,0),
    gas_price numeric(45,0),
    author_account_id text
);

DROP TABLE IF EXISTS execution_outcomes; CREATE TABLE execution_outcomes (
    receipt_id text,
    executed_in_block_hash text,
    executed_in_block_timestamp numeric(20,0),
    index_in_chunk integer,
    gas_burnt numeric(20,0),
    tokens_burnt numeric(45,0),
    executor_account_id text,
    status text,
    shard_id numeric(20,0)
);

DROP TABLE IF EXISTS receipts; CREATE TABLE receipts (
    receipt_id text,
    included_in_block_hash text,
    included_in_chunk_hash text,
    index_in_chunk integer,
    included_in_block_timestamp numeric(20,0),
    predecessor_account_id text,
    receiver_account_id text,
    receipt_kind text,
    originated_from_transaction_hash text
);

DROP TABLE IF EXISTS transaction_actions; CREATE TABLE transaction_actions (
    transaction_hash text,
    index_in_transaction integer,
    action_kind text,
    args jsonb
);

DROP TABLE IF EXISTS transactions; CREATE TABLE transactions (
    transaction_hash text,
    included_in_block_hash text,
    included_in_chunk_hash text,
    index_in_chunk integer,
    block_timestamp numeric(20,0),
    signer_account_id text,
    signer_key text,
    nonce numeric(20,0),
    receiver_account_id text,
    signature text,
    status text,
    converted_into_receipt_id text,
    receipt_conversion_gas_burnt numeric(20,0),
    receipt_conversion_tokens_burnt numeric(45,0)
);

INSERT INTO action_receipt_actions (receipt_id, index_in_action_receipt, action_kind, args, receipt_predecessor_account_id, receipt_receiver_account_id, receipt_included_in_block_timestamp) VALUES ('6zvAVR5e3D1XkHVNXKG8aNxuv2uXFSRUXPhLV2UZuehb', 0, 'FUNCTION_CALL', '{"gas": 15000000000000, "deposit": "1", "args_json": {"amount": "17500000000", "receiver_id": "nf-payments2.near"}, "args_base64": "eyJhbW91bnQiOiIxNzUwMDAwMDAwMCIsInJlY2VpdmVyX2lkIjoibmYtcGF5bWVudHMyLm5lYXIifQ==", "method_name": "ft_transfer"}', 'nf-payments.near', 'a0b86991c6218b36c1d19d4a2e9eb0ce3606eb48.factory.bridge.near', 1659425577670677628);
INSERT INTO action_receipt_actions (receipt_id, index_in_action_receipt, action_kind, args, receipt_predecessor_account_id, receipt_receiver_account_id, receipt_included_in_block_timestamp) VALUES ('5bvHRdH9s1zk1sXuBsv4j16sLE4mqWo3DQxDzeBf4goQ', 0, 'FUNCTION_CALL', '{"gas": 300000000000000, "deposit": "0", "args_json": {"request_id": 38}, "args_base64": "eyJyZXF1ZXN0X2lkIjozOH0=", "method_name": "confirm"}', 'nfendowment03.near', 'nfendowment03.near', 1666881098583560038);
INSERT INTO action_receipt_actions (receipt_id, index_in_action_receipt, action_kind, args, receipt_predecessor_account_id, receipt_receiver_account_id, receipt_included_in_block_timestamp) VALUES ('HpMfG5HTjVEmw2PBq7J8tBy9k4pemr1j2emtLaCEu8FW', 0, 'FUNCTION_CALL', '{"gas": 100000000000000, "deposit": "100000000000000000000000", "args_json": {"new_account_id": "newafro.near", "new_key": "2LtNBZGX3xCw9Jm4ngws8TMUy2JkWApHMhsg6PU9QtAN"}, "args_base64": "eyJuZXdfYWNjb3VudF9pZCI6Im5ld2Fmcm8ubmVhciIsIm5ld19wdWJsaWNfa2V5IjoiMkx0TkJaR1gzeEN3OUptNG5nd3M4VE1VeTJKa1dBcEhNaHNnNlBVOVF0QU4ifQ==", "method_name": "create_account"}', '54a698eae4063a944e673debe90a0287fdc278250179e3c1d580ec418f36e79b', 'near', 1646393106196645500);
INSERT INTO action_receipt_actions (receipt_id, index_in_action_receipt, action_kind, args, receipt_predecessor_account_id, receipt_receiver_account_id, receipt_included_in_block_timestamp) VALUES ('znZaVgBnZ7gWHBXGUpp49DRurMpx9behKovpyujPRkP', 0, 'FUNCTION_CALL', '{"gas": 300000000000000, "deposit": "0", "args_json": {"accounts": [{"amount": "100000000000000000000000", "account_id": "gus.near"}, {"amount": "100000000000000000000000", "account_id": "linkdropping.near"}]}, "args_base64": "eyJhY2NvdW50cyI6W3siYWNjb3VudF9pZCI6Imd1cy5uZWFyIiwiYW1vdW50IjoiMTAwMDAwMDAwMDAwMDAwMDAwMDAwMDAwIn0seyJhY2NvdW50X2lkIjoibGlua2Ryb3BwaW5nLm5lYXIiLCJhbW91bnQiOiIxMDAwMDAwMDAwMDAwMDAwMDAwMDAwMDAifV19", "method_name": "multisend_from_balance_unsafe"}', 'newafro.near', 'multisender.app.near', 1646729130380275492);
INSERT INTO action_receipt_actions (receipt_id, index_in_action_receipt, action_kind, args, receipt_predecessor_account_id, receipt_receiver_account_id, receipt_included_in_block_timestamp) VALUES ('43V76aigJJyRPprBj5S472BkRcPoodkbTK33QxWPd6NA', 0, 'FUNCTION_CALL', '{"gas": 125000000000000, "deposit": "0", "args_json": {}, "args_base64": "e30=", "method_name": "unstake_all"}', 'newafro.near', 'stardust.poolv1.near', 1646729710158166900);
INSERT INTO action_receipt_actions (receipt_id, index_in_action_receipt, action_kind, args, receipt_predecessor_account_id, receipt_receiver_account_id, receipt_included_in_block_timestamp) VALUES ('G4HpHm39jUamQ8oRv939aJqWx5wKq2BZkSZVg9KK3AgV', 0, 'FUNCTION_CALL', '{"gas": 180000000000000, "deposit": "1", "args_json": {"msg": "{\\\"force\\\":0,\\\"actions\\\":[{\\\"pool_id\\\":3,\\\"token_in\\\":\\\"wrap.near\\\",\\\"token_out\\\":\\\"a0b86991c6218b36c1d19d4a2e9eb0ce3606eb48.factory.bridge.near\\\",\\\"amount_in\\\":\\\"998750000000000000000000\\\",\\\"min_amount_out\\\":\\\"11272575\\\"}]}", "amount": "998750000000000000000000", "receiver_id": "v2.ref-finance.near"}, "args_base64": "eyJyZWNlaXZlcl9pZCI6InYyLnJlZi1maW5hbmNlLm5lYXIiLCJhbW91bnQiOiI5OTg3NTAwMDAwMDAwMDAwMDAwMDAwMDAiLCJtc2ciOiJ7XCJmb3JjZVwiOjAsXCJhY3Rpb25zXCI6W3tcInBvb2xfaWRcIjozLFwidG9rZW5faW5cIjpcIndyYXAubmVhclwiLFwidG9rZW5fb3V0XCI6XCJhMGI4Njk5MWM2MjE4YjM2YzFkMTlkNGEyZTllYjBjZTM2MDZlYjQ4LmZhY3RvcnkuYnJpZGdlLm5lYXJcIixcImFtb3VudF9pblwiOlwiOTk4NzUwMDAwMDAwMDAwMDAwMDAwMDAwXCIsXCJtaW5fYW1vdW50X291dFwiOlwiMTEyNzI1NzVcIn1dfSJ9", "method_name": "ft_transfer_call"}', 'newafro.near', 'wrap.near', 1646394047265196013);
INSERT INTO action_receipt_actions (receipt_id, index_in_action_receipt, action_kind, args, receipt_predecessor_account_id, receipt_receiver_account_id, receipt_included_in_block_timestamp) VALUES ('7kYizEUDjWrgijGC8vDcLmRhhpc6Uc6PvEdWG92CCJ3h', 0, 'FUNCTION_CALL', '{"gas": 300000000000000, "deposit": "0", "args_json": {"request_id": 90}, "args_base64": "eyJyZXF1ZXN0X2lkIjo5MH0=", "method_name": "confirm"}', 'nfendowment01.near', 'nfendowment01.near', 1646753418339417767);
INSERT INTO action_receipt_actions (receipt_id, index_in_action_receipt, action_kind, args, receipt_predecessor_account_id, receipt_receiver_account_id, receipt_included_in_block_timestamp) VALUES ('3iLDZCpKkZhNMWp6HFu5eVCSEbw9cVXzD2BfL9UtpqXK', 0, 'FUNCTION_CALL', '{"gas": 30000000000000, "deposit": "100000000000000000000000", "args_json": {}, "args_base64": "e30=", "method_name": "near_deposit"}', 'newafro.near', 'wrap.near', 1646734468133596311);
INSERT INTO action_receipt_actions (receipt_id, index_in_action_receipt, action_kind, args, receipt_predecessor_account_id, receipt_receiver_account_id, receipt_included_in_block_timestamp) VALUES ('3iLDZCpKkZhNMWp6HFu5eVCSEbw9cVXzD2BfL9UtpqXK', 1, 'FUNCTION_CALL', '{"gas": 70000000000000, "deposit": "1", "args_json": {"msg": "b252c12d12f71726455eaa22f9c0ae2ff450d06a", "memo": null, "amount": "100000000000000000000000", "receiver_id": "aurora"}, "args_base64": "eyJyZWNlaXZlcl9pZCI6ImF1cm9yYSIsImFtb3VudCI6IjEwMDAwMDAwMDAwMDAwMDAwMDAwMDAwMCIsIm1lbW8iOm51bGwsIm1zZyI6ImIyNTJjMTJkMTJmNzE3MjY0NTVlYWEyMmY5YzBhZTJmZjQ1MGQwNmEifQ==", "method_name": "ft_transfer_call"}', 'newafro.near', 'wrap.near', 1646734468133596311);
INSERT INTO action_receipt_actions (receipt_id, index_in_action_receipt, action_kind, args, receipt_predecessor_account_id, receipt_receiver_account_id, receipt_included_in_block_timestamp) VALUES ('CUS3y7n8mgV2ED3VP7LUQQUf4fmqxqsPSAM9bnwNowPP', 0, 'FUNCTION_CALL', '{"gas": 300000000000000, "deposit": "0", "args_json": {"request_id": 45}, "args_base64": "eyJyZXF1ZXN0X2lkIjo0NX0=", "method_name": "confirm"}', 'nfendowment01.near', 'nfendowment01.near', 1632824679640349711);
INSERT INTO action_receipt_actions (receipt_id, index_in_action_receipt, action_kind, args, receipt_predecessor_account_id, receipt_receiver_account_id, receipt_included_in_block_timestamp) VALUES ('8ggVvSUo7PEB4rLTXRrQvLAZoHXUtusK8ssBZLkQ5oEH', 0, 'TRANSFER', '{"deposit": "50000000000000000000000000"}', 'newafro.near', 'linkdropping.near', 1646393741659301870);
INSERT INTO action_receipt_actions (receipt_id, index_in_action_receipt, action_kind, args, receipt_predecessor_account_id, receipt_receiver_account_id, receipt_included_in_block_timestamp) VALUES ('5ANwuVG8W9m1me4VZfpR9zYnwqmab2zC24ThgBSrtLRn', 0, 'FUNCTION_CALL', '{"gas": 300000000000000, "deposit": "200000000000000000000000", "args_json": {"accounts": [{"amount": "100000000000000000000000", "account_id": "linkdropping.near"}, {"amount": "100000000000000000000000", "account_id": "gus.near"}]}, "args_base64": "eyJhY2NvdW50cyI6W3siYWNjb3VudF9pZCI6Imxpbmtkcm9wcGluZy5uZWFyIiwiYW1vdW50IjoiMTAwMDAwMDAwMDAwMDAwMDAwMDAwMDAwIn0seyJhY2NvdW50X2lkIjoiZ3VzLm5lYXIiLCJhbW91bnQiOiIxMDAwMDAwMDAwMDAwMDAwMDAwMDAwMDAifV19", "method_name": "multisend_attached_tokens"}', 'newafro.near', 'multisender.app.near', 1646729046320507461);
INSERT INTO action_receipt_actions (receipt_id, index_in_action_receipt, action_kind, args, receipt_predecessor_account_id, receipt_receiver_account_id, receipt_included_in_block_timestamp) VALUES ('4BwKynMch9naQZZwD3VqJKowkq4PMktDAbqrAgtJBpRv', 0, 'FUNCTION_CALL', '{"gas": 30000000000000, "deposit": "1", "args_json": {"amount": "36778457249478", "receiver_id": "linkdropping.near"}, "args_base64": "eyJhbW91bnQiOiIzNjc3ODQ1NzI0OTQ3OCIsInJlY2VpdmVyX2lkIjoibGlua2Ryb3BwaW5nLm5lYXIifQ==", "method_name": "ft_transfer"}', 'newafro.near', 'token.v2.ref-finance.near', 1646727822331761056);
INSERT INTO action_receipt_actions (receipt_id, index_in_action_receipt, action_kind, args, receipt_predecessor_account_id, receipt_receiver_account_id, receipt_included_in_block_timestamp) VALUES ('51KpJ6ut71QRQx2ECBzy9ik3WiwoNQw9CBZwrPS3iu6G', 0, 'FUNCTION_CALL', '{"gas": 10000000000000, "deposit": "100000000000000000000000", "args_json": {"eth_recipient": "b252C12d12f71726455eaA22f9c0ae2FF450d06A"}, "args_base64": "eyJldGhfcmVjaXBpZW50IjoiYjI1MkMxMmQxMmY3MTcyNjQ1NWVhQTIyZjljMGFlMkZGNDUwZDA2QSJ9", "method_name": "migrate_to_ethereum"}', 'newafro.near', 'e-near.near', 1646734639664804840);
INSERT INTO action_receipt_actions (receipt_id, index_in_action_receipt, action_kind, args, receipt_predecessor_account_id, receipt_receiver_account_id, receipt_included_in_block_timestamp) VALUES ('9WNAL2emFAbot9Ca5DXkyJCXrFgkfRrX1YtDHkvcvwHx', 0, 'TRANSFER', '{"deposit": "1000000000000000000000000000"}', 'nf-payments.near', 'nf-payments1.near', 1651505466059473141);
INSERT INTO action_receipt_actions (receipt_id, index_in_action_receipt, action_kind, args, receipt_predecessor_account_id, receipt_receiver_account_id, receipt_included_in_block_timestamp) VALUES ('4BwMBTRKbnaRMH4Fqm3AQM4kU1G9GeSybad9wrc4cdxS', 0, 'FUNCTION_CALL', '{"gas": 50000000000000, "deposit": "1000000000000000000000000", "args_json": {}, "args_base64": "e30=", "method_name": "near_deposit"}', 'newafro.near', 'wrap.near', 1646393979990202926);
INSERT INTO action_receipt_actions (receipt_id, index_in_action_receipt, action_kind, args, receipt_predecessor_account_id, receipt_receiver_account_id, receipt_included_in_block_timestamp) VALUES ('66DcPAETUf7RhJAXJXiBm6WE43S5fQ7HgCiZCW1tdUPc', 0, 'FUNCTION_CALL', '{"gas": 30000000000000, "deposit": "1000000000000000000000000", "args_json": {"key": "27uxkgGEgSrBxLVv1g81HzPNY1YWGopuGTSyaNeNJqUu"}, "args_base64": "eyJwdWJsaWNfa2V5IjoiMjd1eGtnR0VnU3JCeExWdjFnODFIelBOWTFZV0dvcHVHVFN5YU5lTkpxVXUifQ==", "method_name": "send"}', 'newafro.near', 'near', 1646728174359737690);
INSERT INTO action_receipt_actions (receipt_id, index_in_action_receipt, action_kind, args, receipt_predecessor_account_id, receipt_receiver_account_id, receipt_included_in_block_timestamp) VALUES ('TKEJxuD2LH4Sq52WBQgVSx21LE3GKFiUb9rSb4ZnmBV', 0, 'FUNCTION_CALL', '{"gas": 30000000000000, "deposit": "200000000000000000000000", "args_json": {}, "args_base64": "e30=", "method_name": "deposit"}', 'newafro.near', 'multisender.app.near', 1646729098988228329);
INSERT INTO action_receipt_actions (receipt_id, index_in_action_receipt, action_kind, args, receipt_predecessor_account_id, receipt_receiver_account_id, receipt_included_in_block_timestamp) VALUES ('CXfUqKyRMSY8JT2tkfxk1P9zWDjFVZhET76qE217BRVZ', 0, 'FUNCTION_CALL', '{"gas": 125000000000000, "deposit": "1000000000000000000000000", "args_json": {}, "args_base64": "e30=", "method_name": "deposit_and_stake"}', 'newafro.near', 'stardust.poolv1.near', 1646729573920214557);

INSERT INTO blocks (block_height, block_hash, prev_block_hash, block_timestamp, total_supply, gas_price, author_account_id) VALUES (71152948, '52qJFLiWtAEQo3y5ZhjxonQTnEEKW3HcycB4hXHp36wJ', 'DEi69GFgX9s88qsLiou2rnQwVJ4BEPDGwYgtjUFHVR2G', 1659425577670677628, 1091485393619693192495946273011138, 100000000, 'openshards.poolv1.near');
INSERT INTO blocks (block_height, block_hash, prev_block_hash, block_timestamp, total_supply, gas_price, author_account_id) VALUES (77148911, 'Gs47DdPY7CEmczkZjpJNMyurYvbjFq1oh8Kkaty28vo8', 'qvRGStMWxfttbgKQ6ccwgzqK7jtcV5QT3Ly6DncNEh1', 1666881098583560038, 1104291376210521832949625134403812, 100000000, 'sweat_validator.poolv1.near');
INSERT INTO blocks (block_height, block_hash, prev_block_hash, block_timestamp, total_supply, gas_price, author_account_id) VALUES (60729130, 'GKvWe6hJ9h1TWFgWWwYzBMmJG6p959hSdV1gDLcBN1EK', 'D9Ghy8K9y5Y2QWpuMMC4ZH3yTLR26Df4cu1K3kixWySH', 1646393106196645500, 1069406771555478033729611165790581, 100000000, 'magic.poolv1.near');
INSERT INTO blocks (block_height, block_hash, prev_block_hash, block_timestamp, total_supply, gas_price, author_account_id) VALUES (60997182, '7Gss6o1inJvE1nxe8D84G4ajGWEgEgnmE3BCxtQUkEfY', '541x8ZU52FkKYgnQzQ6uEUZ3FsAuNoh2Z5zQbauDxn2Q', 1646729130380275492, 1069955332851605631043792518515870, 100000000, 'openshards.poolv1.near');
INSERT INTO blocks (block_height, block_hash, prev_block_hash, block_timestamp, total_supply, gas_price, author_account_id) VALUES (60997651, '21ktUqRwtx4P55fCvmAqJonD6moqnVmtHoLfiMxoAtNg', 'CbDuMJofpWqmwVq3HzsGqfa9AYZ5VkpdGffRsPA97toU', 1646729710158166900, 1069955330108427469710285718515870, 100000000, 'staked.poolv1.near');
INSERT INTO blocks (block_height, block_hash, prev_block_hash, block_timestamp, total_supply, gas_price, author_account_id) VALUES (60729880, '3vEk9vxsFDUTzUqnBtwn6QLzCht8vvvfLqUBmLLUv7iP', 'CGJfKt9ti578UiqxswFYJW9N3YGmBL7Q4wm574kA3T7Q', 1646394047265196013, 1069406767224158018185923665790581, 100000000, 'abl_pool.poolv1.near');
INSERT INTO blocks (block_height, block_hash, prev_block_hash, block_timestamp, total_supply, gas_price, author_account_id) VALUES (61016537, '7hzE6KMeXEVZSiCGK25ZX29TcKn4pQbg2Urz9Z2DuoDN', '47d1wNRndxjwdwE4SnNUt7itaBUPSWXSZsJ8gQCUDZnR', 1646753418339417767, 1070046639297931392440396899100971, 100000000, 'epic.poolv1.near');
INSERT INTO blocks (block_height, block_hash, prev_block_hash, block_timestamp, total_supply, gas_price, author_account_id) VALUES (61001476, '7herWHWQ47b183QSoY9Ssai8aJsG4JXkStBA4QuN3ZMZ', '9yJx4oCJEJgWJoRokDY7ePLBMAafQ66kCVBGiGwrjXbe', 1646734468133596311, 1069955310316025086989193218515870, 100000000, 'figment.poolv1.near');
INSERT INTO blocks (block_height, block_hash, prev_block_hash, block_timestamp, total_supply, gas_price, author_account_id) VALUES (48856870, '9EBk2Ts5aepE6vMztuKcWqSA67vsDpZbhEqk5chGWJzE', '85bGn6gjWTShwjpxnKMcDj85nwikr2iJK4gSWY1bMGug', 1632824679640349711, 1047106120621762042576016565495994, 100000000, 'dragonfly.poolv1.near');
INSERT INTO blocks (block_height, block_hash, prev_block_hash, block_timestamp, total_supply, gas_price, author_account_id) VALUES (60729636, 'H9oW2T4Rib53XjiDf5yy3jiAJbQ9oPmCooQwugvCvYxL', 'HbbN1xDqKrauRvRFpSWFMHjXaoD49WLBfAQeb43mZZJZ', 1646393741659301870, 1069406768723797361984502465790581, 100000000, 'nc2.poolv1.near');
INSERT INTO blocks (block_height, block_hash, prev_block_hash, block_timestamp, total_supply, gas_price, author_account_id) VALUES (60997114, '7VuBASsbrnTxetC9JTBYXCMc6SSJQ45ghTXH8wF5hurR', 'ACtNYZTQm5TkatAHbAcTCmMBfXBt2XdHC9yv3JmdkpLM', 1646729046320507461, 1069955333242947852640479818515870, 100000000, 'finoa.poolv1.near');
INSERT INTO blocks (block_height, block_hash, prev_block_hash, block_timestamp, total_supply, gas_price, author_account_id) VALUES (60996137, 'AHM2qMTJ63X2DKTgT4JfwbVmYQpt4yrex9KCLaMZoMBG', '4rZGEMZY56TNXBvcpKZwxEytL6AuUM1P8WPbmKEuLLBN', 1646727822331761056, 1069955339097964945717254518515870, 100000000, 'staked.poolv1.near');
INSERT INTO blocks (block_height, block_hash, prev_block_hash, block_timestamp, total_supply, gas_price, author_account_id) VALUES (61001616, '8XDwGNgwZy265p6a9HycKxMYUk7AmCtDWfA5NRNc1QEt', 'FuYEjCYwy8Mz7jaquQemMsTkBj2vcUERRHP6YyS11DpF', 1646734639664804840, 1069955309464971185480666018515870, 100000000, 'aurora.pool.near');
INSERT INTO blocks (block_height, block_hash, prev_block_hash, block_timestamp, total_supply, gas_price, author_account_id) VALUES (64751176, '4TYTqERDTQ8vUGvFNFVrvVa2CK6L9MyKLS7NNVmVowS1', 'C87RCKNeGLb2F7TY1RfEGGUh25yf1t6CChYopoboaPG9', 1651505466059473141, 1078007368608334921135680169548494, 100000000, 'hashquark.poolv1.near');
INSERT INTO blocks (block_height, block_hash, prev_block_hash, block_timestamp, total_supply, gas_price, author_account_id) VALUES (60729827, '4AkwtsxgTzyccKfX6YQiS9Uq2qi9WV28Rb3LchH7mYPc', 'FJ7TWS5SrepssB2Z1AvxwCpkurndwDR5b9prRkSRAHz6', 1646393979990202926, 1069406767514154948547814365790581, 100000000, 'sharpdarts.poolv1.near');
INSERT INTO blocks (block_height, block_hash, prev_block_hash, block_timestamp, total_supply, gas_price, author_account_id) VALUES (60996423, '53CQbcCgRAQ3BZwfWcUhUMXFj6F1du2GqLsYbbC65s2n', '2YxMsWoxghLZFrFLBgpTighvCNV2wzLhcqsWVZ7jnVgD', 1646728174359737690, 1069955337481302462192881418515870, 100000000, 'bzam6yjpnfnxsdmjf6pw.poolv1.near');
INSERT INTO blocks (block_height, block_hash, prev_block_hash, block_timestamp, total_supply, gas_price, author_account_id) VALUES (60997157, '3kFHAuXXHFCbLd4vkKyw6vSzVsv4pBzCsNS3otSNuRQ4', '6f5WiVXHgbzpSPAV9bqSMaJDgSNh5GNX3m9hqoMrYUs4', 1646729098988228329, 1069955333007178181918834718515870, 100000000, 'zkv_staketosupportprivacy.poolv1.near');
INSERT INTO blocks (block_height, block_hash, prev_block_hash, block_timestamp, total_supply, gas_price, author_account_id) VALUES (60997541, 'QvJEYSA35Da2N9mLz7Vb9hg2FjDzTrU972t8mfmo62Y', '24ZiWhrhA9ZAB8cUSZm2BAg6JoLkPgA8bHm4frrJrmzG', 1646729573920214557, 1069955330735814742461068118515870, 100000000, 'masternode24.poolv1.near');

INSERT INTO execution_outcomes (receipt_id, executed_in_block_hash, executed_in_block_timestamp, index_in_chunk, gas_burnt, tokens_burnt, executor_account_id, status, shard_id) VALUES ('6zvAVR5e3D1XkHVNXKG8aNxuv2uXFSRUXPhLV2UZuehb', '52qJFLiWtAEQo3y5ZhjxonQTnEEKW3HcycB4hXHp36wJ', 1659425577670677628, 2, 3780917879817, 378091787981700000000, 'a0b86991c6218b36c1d19d4a2e9eb0ce3606eb48.factory.bridge.near', 'SUCCESS_VALUE', 0);
INSERT INTO execution_outcomes (receipt_id, executed_in_block_hash, executed_in_block_timestamp, index_in_chunk, gas_burnt, tokens_burnt, executor_account_id, status, shard_id) VALUES ('5bvHRdH9s1zk1sXuBsv4j16sLE4mqWo3DQxDzeBf4goQ', 'Gs47DdPY7CEmczkZjpJNMyurYvbjFq1oh8Kkaty28vo8', 1666881098583560038, 0, 6074350891338, 607435089133800000000, 'nfendowment03.near', 'SUCCESS_RECEIPT_ID', 3);
INSERT INTO execution_outcomes (receipt_id, executed_in_block_hash, executed_in_block_timestamp, index_in_chunk, gas_burnt, tokens_burnt, executor_account_id, status, shard_id) VALUES ('HpMfG5HTjVEmw2PBq7J8tBy9k4pemr1j2emtLaCEu8FW', 'GKvWe6hJ9h1TWFgWWwYzBMmJG6p959hSdV1gDLcBN1EK', 1646393106196645500, 2, 6144900315164, 614490031516400000000, 'near', 'SUCCESS_RECEIPT_ID', 3);
INSERT INTO execution_outcomes (receipt_id, executed_in_block_hash, executed_in_block_timestamp, index_in_chunk, gas_burnt, tokens_burnt, executor_account_id, status, shard_id) VALUES ('znZaVgBnZ7gWHBXGUpp49DRurMpx9behKovpyujPRkP', '7Gss6o1inJvE1nxe8D84G4ajGWEgEgnmE3BCxtQUkEfY', 1646729130380275492, 3, 4287144157097, 428714415709700000000, 'multisender.app.near', 'SUCCESS_VALUE', 3);
INSERT INTO execution_outcomes (receipt_id, executed_in_block_hash, executed_in_block_timestamp, index_in_chunk, gas_burnt, tokens_burnt, executor_account_id, status, shard_id) VALUES ('43V76aigJJyRPprBj5S472BkRcPoodkbTK33QxWPd6NA', '21ktUqRwtx4P55fCvmAqJonD6moqnVmtHoLfiMxoAtNg', 1646729710158166900, 2, 9289792200725, 928979220072500000000, 'stardust.poolv1.near', 'SUCCESS_VALUE', 3);
INSERT INTO execution_outcomes (receipt_id, executed_in_block_hash, executed_in_block_timestamp, index_in_chunk, gas_burnt, tokens_burnt, executor_account_id, status, shard_id) VALUES ('G4HpHm39jUamQ8oRv939aJqWx5wKq2BZkSZVg9KK3AgV', '3vEk9vxsFDUTzUqnBtwn6QLzCht8vvvfLqUBmLLUv7iP', 1646394047265196013, 4, 9893114332433, 989311433243300000000, 'wrap.near', 'SUCCESS_RECEIPT_ID', 3);
INSERT INTO execution_outcomes (receipt_id, executed_in_block_hash, executed_in_block_timestamp, index_in_chunk, gas_burnt, tokens_burnt, executor_account_id, status, shard_id) VALUES ('7kYizEUDjWrgijGC8vDcLmRhhpc6Uc6PvEdWG92CCJ3h', '7hzE6KMeXEVZSiCGK25ZX29TcKn4pQbg2Urz9Z2DuoDN', 1646753418339417767, 0, 14730072009270, 1473007200927000000000, 'nfendowment01.near', 'SUCCESS_RECEIPT_ID', 3);
INSERT INTO execution_outcomes (receipt_id, executed_in_block_hash, executed_in_block_timestamp, index_in_chunk, gas_burnt, tokens_burnt, executor_account_id, status, shard_id) VALUES ('3iLDZCpKkZhNMWp6HFu5eVCSEbw9cVXzD2BfL9UtpqXK', '7herWHWQ47b183QSoY9Ssai8aJsG4JXkStBA4QuN3ZMZ', 1646734468133596311, 0, 12886080250058, 1288608025005800000000, 'wrap.near', 'SUCCESS_RECEIPT_ID', 3);
INSERT INTO execution_outcomes (receipt_id, executed_in_block_hash, executed_in_block_timestamp, index_in_chunk, gas_burnt, tokens_burnt, executor_account_id, status, shard_id) VALUES ('CUS3y7n8mgV2ED3VP7LUQQUf4fmqxqsPSAM9bnwNowPP', '9EBk2Ts5aepE6vMztuKcWqSA67vsDpZbhEqk5chGWJzE', 1632824679640349711, 0, 13454572386633, 1345457238663300000000, 'nfendowment01.near', 'SUCCESS_RECEIPT_ID', 0);
INSERT INTO execution_outcomes (receipt_id, executed_in_block_hash, executed_in_block_timestamp, index_in_chunk, gas_burnt, tokens_burnt, executor_account_id, status, shard_id) VALUES ('8ggVvSUo7PEB4rLTXRrQvLAZoHXUtusK8ssBZLkQ5oEH', 'H9oW2T4Rib53XjiDf5yy3jiAJbQ9oPmCooQwugvCvYxL', 1646393741659301870, 8, 223182562500, 22318256250000000000, 'linkdropping.near', 'SUCCESS_VALUE', 3);
INSERT INTO execution_outcomes (receipt_id, executed_in_block_hash, executed_in_block_timestamp, index_in_chunk, gas_burnt, tokens_burnt, executor_account_id, status, shard_id) VALUES ('5ANwuVG8W9m1me4VZfpR9zYnwqmab2zC24ThgBSrtLRn', '7VuBASsbrnTxetC9JTBYXCMc6SSJQ45ghTXH8wF5hurR', 1646729046320507461, 3, 9381887785290, 938188778529000000000, 'multisender.app.near', 'SUCCESS_VALUE', 3);
INSERT INTO execution_outcomes (receipt_id, executed_in_block_hash, executed_in_block_timestamp, index_in_chunk, gas_burnt, tokens_burnt, executor_account_id, status, shard_id) VALUES ('4BwKynMch9naQZZwD3VqJKowkq4PMktDAbqrAgtJBpRv', 'AHM2qMTJ63X2DKTgT4JfwbVmYQpt4yrex9KCLaMZoMBG', 1646727822331761056, 1, 5499555990696, 549955599069600000000, 'token.v2.ref-finance.near', 'SUCCESS_VALUE', 3);
INSERT INTO execution_outcomes (receipt_id, executed_in_block_hash, executed_in_block_timestamp, index_in_chunk, gas_burnt, tokens_burnt, executor_account_id, status, shard_id) VALUES ('51KpJ6ut71QRQx2ECBzy9ik3WiwoNQw9CBZwrPS3iu6G', '8XDwGNgwZy265p6a9HycKxMYUk7AmCtDWfA5NRNc1QEt', 1646734639664804840, 1, 2962342812988, 296234281298800000000, 'e-near.near', 'SUCCESS_VALUE', 2);
INSERT INTO execution_outcomes (receipt_id, executed_in_block_hash, executed_in_block_timestamp, index_in_chunk, gas_burnt, tokens_burnt, executor_account_id, status, shard_id) VALUES ('9WNAL2emFAbot9Ca5DXkyJCXrFgkfRrX1YtDHkvcvwHx', '4TYTqERDTQ8vUGvFNFVrvVa2CK6L9MyKLS7NNVmVowS1', 1651505466059473141, 10, 223182562500, 22318256250000000000, 'nf-payments1.near', 'SUCCESS_VALUE', 3);
INSERT INTO execution_outcomes (receipt_id, executed_in_block_hash, executed_in_block_timestamp, index_in_chunk, gas_burnt, tokens_burnt, executor_account_id, status, shard_id) VALUES ('4BwMBTRKbnaRMH4Fqm3AQM4kU1G9GeSybad9wrc4cdxS', '4AkwtsxgTzyccKfX6YQiS9Uq2qi9WV28Rb3LchH7mYPc', 1646393979990202926, 1, 4034625364772, 403462536477200000000, 'wrap.near', 'SUCCESS_VALUE', 3);
INSERT INTO execution_outcomes (receipt_id, executed_in_block_hash, executed_in_block_timestamp, index_in_chunk, gas_burnt, tokens_burnt, executor_account_id, status, shard_id) VALUES ('66DcPAETUf7RhJAXJXiBm6WE43S5fQ7HgCiZCW1tdUPc', '53CQbcCgRAQ3BZwfWcUhUMXFj6F1du2GqLsYbbC65s2n', 1646728174359737690, 0, 5405985391655, 540598539165500000000, 'near', 'SUCCESS_RECEIPT_ID', 3);
INSERT INTO execution_outcomes (receipt_id, executed_in_block_hash, executed_in_block_timestamp, index_in_chunk, gas_burnt, tokens_burnt, executor_account_id, status, shard_id) VALUES ('TKEJxuD2LH4Sq52WBQgVSx21LE3GKFiUb9rSb4ZnmBV', '3kFHAuXXHFCbLd4vkKyw6vSzVsv4pBzCsNS3otSNuRQ4', 1646729098988228329, 1, 3694497577284, 369449757728400000000, 'multisender.app.near', 'SUCCESS_VALUE', 3);
INSERT INTO execution_outcomes (receipt_id, executed_in_block_hash, executed_in_block_timestamp, index_in_chunk, gas_burnt, tokens_burnt, executor_account_id, status, shard_id) VALUES ('CXfUqKyRMSY8JT2tkfxk1P9zWDjFVZhET76qE217BRVZ', 'QvJEYSA35Da2N9mLz7Vb9hg2FjDzTrU972t8mfmo62Y', 1646729573920214557, 2, 8970675806666, 897067580666600000000, 'stardust.poolv1.near', 'SUCCESS_VALUE', 3);

INSERT INTO receipts (receipt_id, included_in_block_hash, included_in_chunk_hash, index_in_chunk, included_in_block_timestamp, predecessor_account_id, receiver_account_id, receipt_kind, originated_from_transaction_hash) VALUES ('6zvAVR5e3D1XkHVNXKG8aNxuv2uXFSRUXPhLV2UZuehb', '52qJFLiWtAEQo3y5ZhjxonQTnEEKW3HcycB4hXHp36wJ', 'H9Ft7wn3KG3M2NFNP3W7cSBjAWcpU1VkxaN8NF1t6odC', 1, 1659425577670677628, 'nf-payments.near', 'a0b86991c6218b36c1d19d4a2e9eb0ce3606eb48.factory.bridge.near', 'ACTION', '2wgMV44CLoBEnXGtpiypkEBhD93qSM4Po6LhJ8oUjLE1');
INSERT INTO receipts (receipt_id, included_in_block_hash, included_in_chunk_hash, index_in_chunk, included_in_block_timestamp, predecessor_account_id, receiver_account_id, receipt_kind, originated_from_transaction_hash) VALUES ('5bvHRdH9s1zk1sXuBsv4j16sLE4mqWo3DQxDzeBf4goQ', 'Gs47DdPY7CEmczkZjpJNMyurYvbjFq1oh8Kkaty28vo8', '3bjbqUEeijcb2AQps4g9LJvUshuJaP49W8A1iNqErpVG', 0, 1666881098583560038, 'nfendowment03.near', 'nfendowment03.near', 'ACTION', '3dqxSssGJpz8pGTb5FB8M2u6G4VjBqReAm1KMg7no6fE');
INSERT INTO receipts (receipt_id, included_in_block_hash, included_in_chunk_hash, index_in_chunk, included_in_block_timestamp, predecessor_account_id, receiver_account_id, receipt_kind, originated_from_transaction_hash) VALUES ('HpMfG5HTjVEmw2PBq7J8tBy9k4pemr1j2emtLaCEu8FW', 'GKvWe6hJ9h1TWFgWWwYzBMmJG6p959hSdV1gDLcBN1EK', 'AEYyTheWn8oD6R5mc5GxhNtizNJM17Mpq1dHpuqLbuJF', 1, 1646393106196645500, '54a698eae4063a944e673debe90a0287fdc278250179e3c1d580ec418f36e79b', 'near', 'ACTION', 'FzfAU2MWTj76L3jRWo6wYQSmj1WR6GdHZNZZ5fKfVUjm');
INSERT INTO receipts (receipt_id, included_in_block_hash, included_in_chunk_hash, index_in_chunk, included_in_block_timestamp, predecessor_account_id, receiver_account_id, receipt_kind, originated_from_transaction_hash) VALUES ('znZaVgBnZ7gWHBXGUpp49DRurMpx9behKovpyujPRkP', '7Gss6o1inJvE1nxe8D84G4ajGWEgEgnmE3BCxtQUkEfY', 'Bpa8hykpqSnxruv5DjEDBW3fBWR3eDf931inXVc9Po2Y', 1, 1646729130380275492, 'newafro.near', 'multisender.app.near', 'ACTION', 'G6BeJHJqZuYG1At2KUgxEqduNApZAyZaguHcws1vQ9tk');
INSERT INTO receipts (receipt_id, included_in_block_hash, included_in_chunk_hash, index_in_chunk, included_in_block_timestamp, predecessor_account_id, receiver_account_id, receipt_kind, originated_from_transaction_hash) VALUES ('43V76aigJJyRPprBj5S472BkRcPoodkbTK33QxWPd6NA', '21ktUqRwtx4P55fCvmAqJonD6moqnVmtHoLfiMxoAtNg', 'BDnmSDT2Ua746TTpugWzt3kFgAjnpGeQX2bcGS5j3fi1', 4, 1646729710158166900, 'newafro.near', 'stardust.poolv1.near', 'ACTION', 'Aga3Kfp7KZzXjamL3iH1EJSqdaj77aE4J53Vsz4busGq');
INSERT INTO receipts (receipt_id, included_in_block_hash, included_in_chunk_hash, index_in_chunk, included_in_block_timestamp, predecessor_account_id, receiver_account_id, receipt_kind, originated_from_transaction_hash) VALUES ('G4HpHm39jUamQ8oRv939aJqWx5wKq2BZkSZVg9KK3AgV', '3vEk9vxsFDUTzUqnBtwn6QLzCht8vvvfLqUBmLLUv7iP', 'Gk2fANgJb4RcnNzL3a23rniTKDKfh8nXzLCap5bLQF3n', 1, 1646394047265196013, 'newafro.near', 'wrap.near', 'ACTION', 'FnRqwXkEnP7AChHpPRyaDjBgHRhCgw64UEzXxncyG6gs');
INSERT INTO receipts (receipt_id, included_in_block_hash, included_in_chunk_hash, index_in_chunk, included_in_block_timestamp, predecessor_account_id, receiver_account_id, receipt_kind, originated_from_transaction_hash) VALUES ('7kYizEUDjWrgijGC8vDcLmRhhpc6Uc6PvEdWG92CCJ3h', '7hzE6KMeXEVZSiCGK25ZX29TcKn4pQbg2Urz9Z2DuoDN', 'EYg3NWKYtdJtNP3gcqHKAtanMdBeLmSj1vpy2Ng3PNqb', 0, 1646753418339417767, 'nfendowment01.near', 'nfendowment01.near', 'ACTION', '51xpbsT2Uinebop1uA68QDu2Rf2PymqgRUDny9tmLN1u');
INSERT INTO receipts (receipt_id, included_in_block_hash, included_in_chunk_hash, index_in_chunk, included_in_block_timestamp, predecessor_account_id, receiver_account_id, receipt_kind, originated_from_transaction_hash) VALUES ('3iLDZCpKkZhNMWp6HFu5eVCSEbw9cVXzD2BfL9UtpqXK', '7herWHWQ47b183QSoY9Ssai8aJsG4JXkStBA4QuN3ZMZ', '9VFnseWF4rajo3N5zcEHg1UVEbw9zMYqgsob6SACwYoQ', 0, 1646734468133596311, 'newafro.near', 'wrap.near', 'ACTION', '5i3cbbnAWpPT2NZL1hsyUPjjLMJqvUTf1fnRcccAJnJV');
INSERT INTO receipts (receipt_id, included_in_block_hash, included_in_chunk_hash, index_in_chunk, included_in_block_timestamp, predecessor_account_id, receiver_account_id, receipt_kind, originated_from_transaction_hash) VALUES ('CUS3y7n8mgV2ED3VP7LUQQUf4fmqxqsPSAM9bnwNowPP', '9EBk2Ts5aepE6vMztuKcWqSA67vsDpZbhEqk5chGWJzE', '61b6zQGVZ6e2KA2Hc7F1KfeoJEMPpUYdY5HHKTmQDTya', 0, 1632824679640349711, 'nfendowment01.near', 'nfendowment01.near', 'ACTION', '9917LYw2QTMhvN2BWb8knCnxyi6yzUUvycUJAbJGt4dM');
INSERT INTO receipts (receipt_id, included_in_block_hash, included_in_chunk_hash, index_in_chunk, included_in_block_timestamp, predecessor_account_id, receiver_account_id, receipt_kind, originated_from_transaction_hash) VALUES ('8ggVvSUo7PEB4rLTXRrQvLAZoHXUtusK8ssBZLkQ5oEH', 'H9oW2T4Rib53XjiDf5yy3jiAJbQ9oPmCooQwugvCvYxL', '9sq9xbNGQZQwhk79Jd3cpnAAvTJZvMmB6prRuFSkZ348', 0, 1646393741659301870, 'newafro.near', 'linkdropping.near', 'ACTION', 'Wc15ScL3hVMJB1EPymmgQ1JwaE14ejpTbPBP2guGDFf');
INSERT INTO receipts (receipt_id, included_in_block_hash, included_in_chunk_hash, index_in_chunk, included_in_block_timestamp, predecessor_account_id, receiver_account_id, receipt_kind, originated_from_transaction_hash) VALUES ('5ANwuVG8W9m1me4VZfpR9zYnwqmab2zC24ThgBSrtLRn', '7VuBASsbrnTxetC9JTBYXCMc6SSJQ45ghTXH8wF5hurR', 'EDxoznFqg1cMB24v7vfBFvy3jHNMSkCxGaXKfaiAeBKa', 1, 1646729046320507461, 'newafro.near', 'multisender.app.near', 'ACTION', 'FGqb2JzR1gVo1CzP2DynWWprH1qSwpLPxE4xbETU8KrB');
INSERT INTO receipts (receipt_id, included_in_block_hash, included_in_chunk_hash, index_in_chunk, included_in_block_timestamp, predecessor_account_id, receiver_account_id, receipt_kind, originated_from_transaction_hash) VALUES ('4BwKynMch9naQZZwD3VqJKowkq4PMktDAbqrAgtJBpRv', 'AHM2qMTJ63X2DKTgT4JfwbVmYQpt4yrex9KCLaMZoMBG', '2YuzWuiHDuVs4RpQaUALcaNfGJ5dGPUezpRSUG8ymoVf', 0, 1646727822331761056, 'newafro.near', 'token.v2.ref-finance.near', 'ACTION', 'iGUyvvwnsFRK3fcSZT8KtWb71TnsJiXh3GcnbAcFTzp');
INSERT INTO receipts (receipt_id, included_in_block_hash, included_in_chunk_hash, index_in_chunk, included_in_block_timestamp, predecessor_account_id, receiver_account_id, receipt_kind, originated_from_transaction_hash) VALUES ('51KpJ6ut71QRQx2ECBzy9ik3WiwoNQw9CBZwrPS3iu6G', '8XDwGNgwZy265p6a9HycKxMYUk7AmCtDWfA5NRNc1QEt', '6DE212z3NHKs71qBm4dLZp5EVxHZKHF1Y6pZZgHeoPdv', 1, 1646734639664804840, 'newafro.near', 'e-near.near', 'ACTION', '6MYAXgsTZMdcdizxU27FfJzsfkcRSRmJsC4a2DHQf1ae');
INSERT INTO receipts (receipt_id, included_in_block_hash, included_in_chunk_hash, index_in_chunk, included_in_block_timestamp, predecessor_account_id, receiver_account_id, receipt_kind, originated_from_transaction_hash) VALUES ('9WNAL2emFAbot9Ca5DXkyJCXrFgkfRrX1YtDHkvcvwHx', '4TYTqERDTQ8vUGvFNFVrvVa2CK6L9MyKLS7NNVmVowS1', '3suhppy8Qts3NBEWGT5vWF9ZYDGDaZkkFvPAxK86f3VZ', 14, 1651505466059473141, 'nf-payments.near', 'nf-payments1.near', 'ACTION', '84JWoWUf9HW3QSTYXdXrMYoxuS6gZAtJVDR3GYU5A8E7');
INSERT INTO receipts (receipt_id, included_in_block_hash, included_in_chunk_hash, index_in_chunk, included_in_block_timestamp, predecessor_account_id, receiver_account_id, receipt_kind, originated_from_transaction_hash) VALUES ('4BwMBTRKbnaRMH4Fqm3AQM4kU1G9GeSybad9wrc4cdxS', '4AkwtsxgTzyccKfX6YQiS9Uq2qi9WV28Rb3LchH7mYPc', '6zm1Gk5Fmj21ZcdEiJvb6hJ9sGfAEF4Ls1TxDiR6MKNC', 2, 1646393979990202926, 'newafro.near', 'wrap.near', 'ACTION', 'CnG41PfjS1omzY1bWFEhSWh811w3zWZqsZm8M85ppGr1');
INSERT INTO receipts (receipt_id, included_in_block_hash, included_in_chunk_hash, index_in_chunk, included_in_block_timestamp, predecessor_account_id, receiver_account_id, receipt_kind, originated_from_transaction_hash) VALUES ('66DcPAETUf7RhJAXJXiBm6WE43S5fQ7HgCiZCW1tdUPc', '53CQbcCgRAQ3BZwfWcUhUMXFj6F1du2GqLsYbbC65s2n', 'DJd1cEDqtAQfZ7rDC8xCLhASzF1W4to1MnnWXvBFQWw', 2, 1646728174359737690, 'newafro.near', 'near', 'ACTION', '5KzsCLAHgMxAgH1pMP8tukJx9VCZRhmG4mMrY2L7vpp8');
INSERT INTO receipts (receipt_id, included_in_block_hash, included_in_chunk_hash, index_in_chunk, included_in_block_timestamp, predecessor_account_id, receiver_account_id, receipt_kind, originated_from_transaction_hash) VALUES ('TKEJxuD2LH4Sq52WBQgVSx21LE3GKFiUb9rSb4ZnmBV', '3kFHAuXXHFCbLd4vkKyw6vSzVsv4pBzCsNS3otSNuRQ4', '9SqN3BqtaUt2sEMPxr7Mf6Z6SV47RCmHZT2Q5HaVzTNM', 1, 1646729098988228329, 'newafro.near', 'multisender.app.near', 'ACTION', '2Qg8p6xcr7WW3c2UUybipn7vKjdtqzU45fxXnw1gERxW');
INSERT INTO receipts (receipt_id, included_in_block_hash, included_in_chunk_hash, index_in_chunk, included_in_block_timestamp, predecessor_account_id, receiver_account_id, receipt_kind, originated_from_transaction_hash) VALUES ('CXfUqKyRMSY8JT2tkfxk1P9zWDjFVZhET76qE217BRVZ', 'QvJEYSA35Da2N9mLz7Vb9hg2FjDzTrU972t8mfmo62Y', '9KqYBqsuDP9hbBdkgUcK6tjhPWsZS2m5vb8dxjF7C1Se', 3, 1646729573920214557, 'newafro.near', 'stardust.poolv1.near', 'ACTION', '5VU8Jk6avWa6GVo9SaAiATrZB9ruz8xVCEN2QLHK5Xk8');

INSERT INTO transaction_actions (transaction_hash, index_in_transaction, action_kind, args) VALUES ('2wgMV44CLoBEnXGtpiypkEBhD93qSM4Po6LhJ8oUjLE1', 0, 'FUNCTION_CALL', '{"gas": 15000000000000, "deposit": "1", "args_json": {"amount": "17500000000", "receiver_id": "nf-payments2.near"}, "args_base64": "eyJhbW91bnQiOiIxNzUwMDAwMDAwMCIsInJlY2VpdmVyX2lkIjoibmYtcGF5bWVudHMyLm5lYXIifQ==", "method_name": "ft_transfer"}');
INSERT INTO transaction_actions (transaction_hash, index_in_transaction, action_kind, args) VALUES ('3dqxSssGJpz8pGTb5FB8M2u6G4VjBqReAm1KMg7no6fE', 0, 'FUNCTION_CALL', '{"gas": 300000000000000, "deposit": "0", "args_json": {"request_id": 38}, "args_base64": "eyJyZXF1ZXN0X2lkIjozOH0=", "method_name": "confirm"}');
INSERT INTO transaction_actions (transaction_hash, index_in_transaction, action_kind, args) VALUES ('FzfAU2MWTj76L3jRWo6wYQSmj1WR6GdHZNZZ5fKfVUjm', 0, 'FUNCTION_CALL', '{"gas": 100000000000000, "deposit": "100000000000000000000000", "args_json": {"new_account_id": "newafro.near", "new_key": "2LtNBZGX3xCw9Jm4ngws8TMUy2JkWApHMhsg6PU9QtAN"}, "args_base64": "eyJuZXdfYWNjb3VudF9pZCI6Im5ld2Fmcm8ubmVhciIsIm5ld19wdWJsaWNfa2V5IjoiMkx0TkJaR1gzeEN3OUptNG5nd3M4VE1VeTJKa1dBcEhNaHNnNlBVOVF0QU4ifQ==", "method_name": "create_account"}');
INSERT INTO transaction_actions (transaction_hash, index_in_transaction, action_kind, args) VALUES ('G6BeJHJqZuYG1At2KUgxEqduNApZAyZaguHcws1vQ9tk', 0, 'FUNCTION_CALL', '{"gas": 300000000000000, "deposit": "0", "args_json": {"accounts": [{"amount": "100000000000000000000000", "account_id": "gus.near"}, {"amount": "100000000000000000000000", "account_id": "linkdropping.near"}]}, "args_base64": "eyJhY2NvdW50cyI6W3siYWNjb3VudF9pZCI6Imd1cy5uZWFyIiwiYW1vdW50IjoiMTAwMDAwMDAwMDAwMDAwMDAwMDAwMDAwIn0seyJhY2NvdW50X2lkIjoibGlua2Ryb3BwaW5nLm5lYXIiLCJhbW91bnQiOiIxMDAwMDAwMDAwMDAwMDAwMDAwMDAwMDAifV19", "method_name": "multisend_from_balance_unsafe"}');
INSERT INTO transaction_actions (transaction_hash, index_in_transaction, action_kind, args) VALUES ('Aga3Kfp7KZzXjamL3iH1EJSqdaj77aE4J53Vsz4busGq', 0, 'FUNCTION_CALL', '{"gas": 125000000000000, "deposit": "0", "args_json": {}, "args_base64": "e30=", "method_name": "unstake_all"}');
INSERT INTO transaction_actions (transaction_hash, index_in_transaction, action_kind, args) VALUES ('FnRqwXkEnP7AChHpPRyaDjBgHRhCgw64UEzXxncyG6gs', 0, 'FUNCTION_CALL', '{"gas": 180000000000000, "deposit": "1", "args_json": {"msg": "{\\\"force\\\":0,\\\"actions\\\":[{\\\"pool_id\\\":3,\\\"token_in\\\":\\\"wrap.near\\\",\\\"token_out\\\":\\\"a0b86991c6218b36c1d19d4a2e9eb0ce3606eb48.factory.bridge.near\\\",\\\"amount_in\\\":\\\"998750000000000000000000\\\",\\\"min_amount_out\\\":\\\"11272575\\\"}]}", "amount": "998750000000000000000000", "receiver_id": "v2.ref-finance.near"}, "args_base64": "eyJyZWNlaXZlcl9pZCI6InYyLnJlZi1maW5hbmNlLm5lYXIiLCJhbW91bnQiOiI5OTg3NTAwMDAwMDAwMDAwMDAwMDAwMDAiLCJtc2ciOiJ7XCJmb3JjZVwiOjAsXCJhY3Rpb25zXCI6W3tcInBvb2xfaWRcIjozLFwidG9rZW5faW5cIjpcIndyYXAubmVhclwiLFwidG9rZW5fb3V0XCI6XCJhMGI4Njk5MWM2MjE4YjM2YzFkMTlkNGEyZTllYjBjZTM2MDZlYjQ4LmZhY3RvcnkuYnJpZGdlLm5lYXJcIixcImFtb3VudF9pblwiOlwiOTk4NzUwMDAwMDAwMDAwMDAwMDAwMDAwXCIsXCJtaW5fYW1vdW50X291dFwiOlwiMTEyNzI1NzVcIn1dfSJ9", "method_name": "ft_transfer_call"}');
INSERT INTO transaction_actions (transaction_hash, index_in_transaction, action_kind, args) VALUES ('51xpbsT2Uinebop1uA68QDu2Rf2PymqgRUDny9tmLN1u', 0, 'FUNCTION_CALL', '{"gas": 300000000000000, "deposit": "0", "args_json": {"request_id": 90}, "args_base64": "eyJyZXF1ZXN0X2lkIjo5MH0=", "method_name": "confirm"}');
INSERT INTO transaction_actions (transaction_hash, index_in_transaction, action_kind, args) VALUES ('5i3cbbnAWpPT2NZL1hsyUPjjLMJqvUTf1fnRcccAJnJV', 0, 'FUNCTION_CALL', '{"gas": 30000000000000, "deposit": "100000000000000000000000", "args_json": {}, "args_base64": "e30=", "method_name": "near_deposit"}');
INSERT INTO transaction_actions (transaction_hash, index_in_transaction, action_kind, args) VALUES ('5i3cbbnAWpPT2NZL1hsyUPjjLMJqvUTf1fnRcccAJnJV', 1, 'FUNCTION_CALL', '{"gas": 70000000000000, "deposit": "1", "args_json": {"msg": "b252c12d12f71726455eaa22f9c0ae2ff450d06a", "memo": null, "amount": "100000000000000000000000", "receiver_id": "aurora"}, "args_base64": "eyJyZWNlaXZlcl9pZCI6ImF1cm9yYSIsImFtb3VudCI6IjEwMDAwMDAwMDAwMDAwMDAwMDAwMDAwMCIsIm1lbW8iOm51bGwsIm1zZyI6ImIyNTJjMTJkMTJmNzE3MjY0NTVlYWEyMmY5YzBhZTJmZjQ1MGQwNmEifQ==", "method_name": "ft_transfer_call"}');
INSERT INTO transaction_actions (transaction_hash, index_in_transaction, action_kind, args) VALUES ('9917LYw2QTMhvN2BWb8knCnxyi6yzUUvycUJAbJGt4dM', 0, 'FUNCTION_CALL', '{"gas": 300000000000000, "deposit": "0", "args_json": {"request_id": 45}, "args_base64": "eyJyZXF1ZXN0X2lkIjo0NX0=", "method_name": "confirm"}');
INSERT INTO transaction_actions (transaction_hash, index_in_transaction, action_kind, args) VALUES ('Wc15ScL3hVMJB1EPymmgQ1JwaE14ejpTbPBP2guGDFf', 0, 'TRANSFER', '{"deposit": "50000000000000000000000000"}');
INSERT INTO transaction_actions (transaction_hash, index_in_transaction, action_kind, args) VALUES ('FGqb2JzR1gVo1CzP2DynWWprH1qSwpLPxE4xbETU8KrB', 0, 'FUNCTION_CALL', '{"gas": 300000000000000, "deposit": "200000000000000000000000", "args_json": {"accounts": [{"amount": "100000000000000000000000", "account_id": "linkdropping.near"}, {"amount": "100000000000000000000000", "account_id": "gus.near"}]}, "args_base64": "eyJhY2NvdW50cyI6W3siYWNjb3VudF9pZCI6Imxpbmtkcm9wcGluZy5uZWFyIiwiYW1vdW50IjoiMTAwMDAwMDAwMDAwMDAwMDAwMDAwMDAwIn0seyJhY2NvdW50X2lkIjoiZ3VzLm5lYXIiLCJhbW91bnQiOiIxMDAwMDAwMDAwMDAwMDAwMDAwMDAwMDAifV19", "method_name": "multisend_attached_tokens"}');
INSERT INTO transaction_actions (transaction_hash, index_in_transaction, action_kind, args) VALUES ('iGUyvvwnsFRK3fcSZT8KtWb71TnsJiXh3GcnbAcFTzp', 0, 'FUNCTION_CALL', '{"gas": 30000000000000, "deposit": "1", "args_json": {"amount": "36778457249478", "receiver_id": "linkdropping.near"}, "args_base64": "eyJhbW91bnQiOiIzNjc3ODQ1NzI0OTQ3OCIsInJlY2VpdmVyX2lkIjoibGlua2Ryb3BwaW5nLm5lYXIifQ==", "method_name": "ft_transfer"}');
INSERT INTO transaction_actions (transaction_hash, index_in_transaction, action_kind, args) VALUES ('6MYAXgsTZMdcdizxU27FfJzsfkcRSRmJsC4a2DHQf1ae', 0, 'FUNCTION_CALL', '{"gas": 10000000000000, "deposit": "100000000000000000000000", "args_json": {"eth_recipient": "b252C12d12f71726455eaA22f9c0ae2FF450d06A"}, "args_base64": "eyJldGhfcmVjaXBpZW50IjoiYjI1MkMxMmQxMmY3MTcyNjQ1NWVhQTIyZjljMGFlMkZGNDUwZDA2QSJ9", "method_name": "migrate_to_ethereum"}');
INSERT INTO transaction_actions (transaction_hash, index_in_transaction, action_kind, args) VALUES ('84JWoWUf9HW3QSTYXdXrMYoxuS6gZAtJVDR3GYU5A8E7', 0, 'TRANSFER', '{"deposit": "1000000000000000000000000000"}');
INSERT INTO transaction_actions (transaction_hash, index_in_transaction, action_kind, args) VALUES ('CnG41PfjS1omzY1bWFEhSWh811w3zWZqsZm8M85ppGr1', 0, 'FUNCTION_CALL', '{"gas": 50000000000000, "deposit": "1000000000000000000000000", "args_json": {}, "args_base64": "e30=", "method_name": "near_deposit"}');
INSERT INTO transaction_actions (transaction_hash, index_in_transaction, action_kind, args) VALUES ('5KzsCLAHgMxAgH1pMP8tukJx9VCZRhmG4mMrY2L7vpp8', 0, 'FUNCTION_CALL', '{"gas": 30000000000000, "deposit": "1000000000000000000000000", "args_json": {"key": "27uxkgGEgSrBxLVv1g81HzPNY1YWGopuGTSyaNeNJqUu"}, "args_base64": "eyJwdWJsaWNfa2V5IjoiMjd1eGtnR0VnU3JCeExWdjFnODFIelBOWTFZV0dvcHVHVFN5YU5lTkpxVXUifQ==", "method_name": "send"}');
INSERT INTO transaction_actions (transaction_hash, index_in_transaction, action_kind, args) VALUES ('2Qg8p6xcr7WW3c2UUybipn7vKjdtqzU45fxXnw1gERxW', 0, 'FUNCTION_CALL', '{"gas": 30000000000000, "deposit": "200000000000000000000000", "args_json": {}, "args_base64": "e30=", "method_name": "deposit"}');
INSERT INTO transaction_actions (transaction_hash, index_in_transaction, action_kind, args) VALUES ('5VU8Jk6avWa6GVo9SaAiATrZB9ruz8xVCEN2QLHK5Xk8', 0, 'FUNCTION_CALL', '{"gas": 125000000000000, "deposit": "1000000000000000000000000", "args_json": {}, "args_base64": "e30=", "method_name": "deposit_and_stake"}');

INSERT INTO transactions (transaction_hash, included_in_block_hash, included_in_chunk_hash, index_in_chunk, block_timestamp, signer_account_id, signer_key, nonce, receiver_account_id, signature, status, converted_into_receipt_id, receipt_conversion_gas_burnt, receipt_conversion_tokens_burnt) VALUES ('2wgMV44CLoBEnXGtpiypkEBhD93qSM4Po6LhJ8oUjLE1', 'DEi69GFgX9s88qsLiou2rnQwVJ4BEPDGwYgtjUFHVR2G', 'GrF9JidtDZ7VnuW9tZU1o1uYHDc4xfSd7ysHBXt7ixEB', 1, 1659425577086097808, 'nf-payments.near', 'ed25519:7i4mKFA7qVs6HWhUmdk5rDoNDVkxZ8ZzvN6X1QGvHNoM', 49510257002391, 'a0b86991c6218b36c1d19d4a2e9eb0ce3606eb48.factory.bridge.near', 'ed25519:Z75kz7NLxu1Y2QxKuveuXQtxXfsJwz2KcGFCkbbSuQUUaGQEJKwoa5BRtA5PzrdFNYgSjACoVfJBeYLj4ggPLZa', 'SUCCESS_RECEIPT_ID', '6zvAVR5e3D1XkHVNXKG8aNxuv2uXFSRUXPhLV2UZuehb', 2428075279446, 242807527944600000000);
INSERT INTO transactions (transaction_hash, included_in_block_hash, included_in_chunk_hash, index_in_chunk, block_timestamp, signer_account_id, signer_key, nonce, receiver_account_id, signature, status, converted_into_receipt_id, receipt_conversion_gas_burnt, receipt_conversion_tokens_burnt) VALUES ('3dqxSssGJpz8pGTb5FB8M2u6G4VjBqReAm1KMg7no6fE', 'Gs47DdPY7CEmczkZjpJNMyurYvbjFq1oh8Kkaty28vo8', '3bjbqUEeijcb2AQps4g9LJvUshuJaP49W8A1iNqErpVG', 0, 1666881098583560038, 'nfendowment03.near', 'ed25519:BFVZgNSbUf3rVcwFww7vbXXfWy38VLgpv3PdPFbHotkP', 74620854000011, 'nfendowment03.near', 'ed25519:ENSFZY7aqoVJ3A4EzE3NxJd7E6Taft1FU4xdNmwvu6Vemc7mTPR1BoDdT5iwW15ep7stzGo6Xf9knZesQgB7LfD', 'SUCCESS_RECEIPT_ID', '5bvHRdH9s1zk1sXuBsv4j16sLE4mqWo3DQxDzeBf4goQ', 2427974662416, 242797466241600000000);
INSERT INTO transactions (transaction_hash, included_in_block_hash, included_in_chunk_hash, index_in_chunk, block_timestamp, signer_account_id, signer_key, nonce, receiver_account_id, signature, status, converted_into_receipt_id, receipt_conversion_gas_burnt, receipt_conversion_tokens_burnt) VALUES ('FzfAU2MWTj76L3jRWo6wYQSmj1WR6GdHZNZZ5fKfVUjm', 'D9Ghy8K9y5Y2QWpuMMC4ZH3yTLR26Df4cu1K3kixWySH', '9NoPpS2q5Xpwcj6pNNFqjroogWgE15VuiUVvH8mDHbaX', 1, 1646393104775468738, '54a698eae4063a944e673debe90a0287fdc278250179e3c1d580ec418f36e79b', 'ed25519:5hQyc3zf2UXhEMWbXVyztxdXF5BDXZ9aNJSFftHUHpk6', 60728946000001, 'near', 'ed25519:3FJuvyyphJxv38g4N3RJhH7rodqD4UBmpRnnz6hAwAYiUZWkj5gdR2xDCqNoLJmm4TgCHMAQ5pHENStnbnLLwdrS', 'SUCCESS_RECEIPT_ID', 'HpMfG5HTjVEmw2PBq7J8tBy9k4pemr1j2emtLaCEu8FW', 2428169188674, 242816918867400000000);
INSERT INTO transactions (transaction_hash, included_in_block_hash, included_in_chunk_hash, index_in_chunk, block_timestamp, signer_account_id, signer_key, nonce, receiver_account_id, signature, status, converted_into_receipt_id, receipt_conversion_gas_burnt, receipt_conversion_tokens_burnt) VALUES ('G6BeJHJqZuYG1At2KUgxEqduNApZAyZaguHcws1vQ9tk', '541x8ZU52FkKYgnQzQ6uEUZ3FsAuNoh2Z5zQbauDxn2Q', 'GPD3fJ8T1DD2uBz9o1AKzB2YrfPdZwPdX4dBofRjt29Y', 1, 1646729129224262612, 'newafro.near', 'ed25519:4Jp2C8PA3GfWtF8EftwHvshePEBdBSYzVEsUxQMqaLPw', 60997094000001, 'multisender.app.near', 'ed25519:5Ja6W71HeiEiE6eZjN7YxjySbgM1rVfh8bX8Kxsz44W2bCcYJdkMR3YnNTfEnJu7Fp8KQd6VLpZv351nVmjBfXqY', 'SUCCESS_RECEIPT_ID', 'znZaVgBnZ7gWHBXGUpp49DRurMpx9behKovpyujPRkP', 2428314524384, 242831452438400000000);
INSERT INTO transactions (transaction_hash, included_in_block_hash, included_in_chunk_hash, index_in_chunk, block_timestamp, signer_account_id, signer_key, nonce, receiver_account_id, signature, status, converted_into_receipt_id, receipt_conversion_gas_burnt, receipt_conversion_tokens_burnt) VALUES ('Aga3Kfp7KZzXjamL3iH1EJSqdaj77aE4J53Vsz4busGq', 'CbDuMJofpWqmwVq3HzsGqfa9AYZ5VkpdGffRsPA97toU', '6ZcFRjSmd6KuW9g3ZAxJSetJx2X8cwhkumSEmiZUr8p8', 6, 1646729708849195150, 'newafro.near', 'ed25519:8FiezMQHJJxJQrzsfDs7bmWHVACT7ked9N1mHbJMaTsB', 60996816000014, 'stardust.poolv1.near', 'ed25519:2gkeNPjEAbAikCLwFcmhDrkdksDb68R6eDixXtD2hKfpg32wW7Lqacr15QRX5PQpoWu2EQdqCSJ95XdnTKhunLoa', 'SUCCESS_RECEIPT_ID', '43V76aigJJyRPprBj5S472BkRcPoodkbTK33QxWPd6NA', 2427950067142, 242795006714200000000);
INSERT INTO transactions (transaction_hash, included_in_block_hash, included_in_chunk_hash, index_in_chunk, block_timestamp, signer_account_id, signer_key, nonce, receiver_account_id, signature, status, converted_into_receipt_id, receipt_conversion_gas_burnt, receipt_conversion_tokens_burnt) VALUES ('FnRqwXkEnP7AChHpPRyaDjBgHRhCgw64UEzXxncyG6gs', 'CGJfKt9ti578UiqxswFYJW9N3YGmBL7Q4wm574kA3T7Q', '3A3spBN3ZTQmn9cFvzdeQL4cnSy6KbVux4avBKVrg45N', 1, 1646394045856636949, 'newafro.near', 'ed25519:EHPeimCFYsnn3LnFYsECPBtTdwi5nLnJZzkvgkWnCAx6', 60729751000004, 'wrap.near', 'ed25519:4PQrcdPZ6HYuwG3z1qSZjGcZupv3a3rSsrTvFsCtaapdTeFmKQpxnXMXpi5KwSvsu7eKrnS1yTWVC9Bw39outaeG', 'SUCCESS_RECEIPT_ID', 'G4HpHm39jUamQ8oRv939aJqWx5wKq2BZkSZVg9KK3AgV', 2428640970748, 242864097074800000000);
INSERT INTO transactions (transaction_hash, included_in_block_hash, included_in_chunk_hash, index_in_chunk, block_timestamp, signer_account_id, signer_key, nonce, receiver_account_id, signature, status, converted_into_receipt_id, receipt_conversion_gas_burnt, receipt_conversion_tokens_burnt) VALUES ('51xpbsT2Uinebop1uA68QDu2Rf2PymqgRUDny9tmLN1u', '7hzE6KMeXEVZSiCGK25ZX29TcKn4pQbg2Urz9Z2DuoDN', 'EYg3NWKYtdJtNP3gcqHKAtanMdBeLmSj1vpy2Ng3PNqb', 0, 1646753418339417767, 'nfendowment01.near', 'ed25519:83FypMruGEJD4XUAxeBpuVW3tiAPxt62ZsXqMAMt9vQE', 54750859000071, 'nfendowment01.near', 'ed25519:4UM3TUTcyGA5gnXztXnWntG2gxZUBeqX5vceRrWTcYztVrt11pcY61NV6pk5pcRLu9r6Up1CF73nZZ5j9d4WMieQ', 'SUCCESS_RECEIPT_ID', '7kYizEUDjWrgijGC8vDcLmRhhpc6Uc6PvEdWG92CCJ3h', 2427974662416, 242797466241600000000);
INSERT INTO transactions (transaction_hash, included_in_block_hash, included_in_chunk_hash, index_in_chunk, block_timestamp, signer_account_id, signer_key, nonce, receiver_account_id, signature, status, converted_into_receipt_id, receipt_conversion_gas_burnt, receipt_conversion_tokens_burnt) VALUES ('5i3cbbnAWpPT2NZL1hsyUPjjLMJqvUTf1fnRcccAJnJV', '9yJx4oCJEJgWJoRokDY7ePLBMAafQ66kCVBGiGwrjXbe', 'Zw1H11ZRF83RNy3hAcY266g3Rgxwfqmukn7bumncbLx', 0, 1646734466886577663, 'newafro.near', 'ed25519:HAgTfLeQio24Gczs5DnHkYmDTtxgoHyTcy6NwKNJnhKb', 60998007000001, 'wrap.near', 'ed25519:2RtUAdufN166mLzyKcqsdubS4uSkc8vY6G7UUR6Z9zqPKyR8AQukQPhC4yTSr1aiYWppqyR5SfW84ZBNq5Mfun8d', 'SUCCESS_RECEIPT_ID', '3iLDZCpKkZhNMWp6HFu5eVCSEbw9cVXzD2BfL9UtpqXK', 4748120126034, 474812012603400000000);
INSERT INTO transactions (transaction_hash, included_in_block_hash, included_in_chunk_hash, index_in_chunk, block_timestamp, signer_account_id, signer_key, nonce, receiver_account_id, signature, status, converted_into_receipt_id, receipt_conversion_gas_burnt, receipt_conversion_tokens_burnt) VALUES ('9917LYw2QTMhvN2BWb8knCnxyi6yzUUvycUJAbJGt4dM', '9EBk2Ts5aepE6vMztuKcWqSA67vsDpZbhEqk5chGWJzE', '61b6zQGVZ6e2KA2Hc7F1KfeoJEMPpUYdY5HHKTmQDTya', 0, 1632824679640349711, 'nfendowment01.near', 'ed25519:CpwMLog6WH4Mb6JpPfA1HCQzUT2Zn4g3i1MNxtuuDuMz', 42, 'nfendowment01.near', 'ed25519:5Rib4L34HmMApKRRGLP4uEKgafQdzUU2ZzdxL2ytiGU7dVnm5FKHp5otdAyscaUxmsEpfgyQCbkNPKx2ta88XShn', 'SUCCESS_RECEIPT_ID', 'CUS3y7n8mgV2ED3VP7LUQQUf4fmqxqsPSAM9bnwNowPP', 2427974662416, 242797466241600000000);
INSERT INTO transactions (transaction_hash, included_in_block_hash, included_in_chunk_hash, index_in_chunk, block_timestamp, signer_account_id, signer_key, nonce, receiver_account_id, signature, status, converted_into_receipt_id, receipt_conversion_gas_burnt, receipt_conversion_tokens_burnt) VALUES ('Wc15ScL3hVMJB1EPymmgQ1JwaE14ejpTbPBP2guGDFf', 'HbbN1xDqKrauRvRFpSWFMHjXaoD49WLBfAQeb43mZZJZ', 'Fzgmd4rnTY3rPiGfs75RHGAs3FAuB1uMdjXihd2sha2h', 0, 1646393740318318106, 'newafro.near', 'ed25519:EHPeimCFYsnn3LnFYsECPBtTdwi5nLnJZzkvgkWnCAx6', 60729135000001, 'linkdropping.near', 'ed25519:Y42VqaCJmX7uWcF4pHY5k3VsixFbmcgarxP8CZN17Cbqq21Hc75a7EqUASf5ukfK57j7WWjGnsiingBkEJZVsht', 'SUCCESS_RECEIPT_ID', '8ggVvSUo7PEB4rLTXRrQvLAZoHXUtusK8ssBZLkQ5oEH', 223182562500, 22318256250000000000);
INSERT INTO transactions (transaction_hash, included_in_block_hash, included_in_chunk_hash, index_in_chunk, block_timestamp, signer_account_id, signer_key, nonce, receiver_account_id, signature, status, converted_into_receipt_id, receipt_conversion_gas_burnt, receipt_conversion_tokens_burnt) VALUES ('FGqb2JzR1gVo1CzP2DynWWprH1qSwpLPxE4xbETU8KrB', 'ACtNYZTQm5TkatAHbAcTCmMBfXBt2XdHC9yv3JmdkpLM', 'CqZF1TerCjPpVKnoHgVPcmi9RhUhfV42C47K67uNsWg6', 1, 1646729044945554214, 'newafro.near', 'ed25519:8FiezMQHJJxJQrzsfDs7bmWHVACT7ked9N1mHbJMaTsB', 60996816000008, 'multisender.app.near', 'ed25519:5zhdhVwHCDPmbxNtFST86HJeMU8KAZ7pLjsU853ykyczXLE8nNGTCuxS3rwuWSv5qCdkk4ie7w75G1nS8NsaQyVd', 'SUCCESS_RECEIPT_ID', '5ANwuVG8W9m1me4VZfpR9zYnwqmab2zC24ThgBSrtLRn', 2428305580648, 242830558064800000000);
INSERT INTO transactions (transaction_hash, included_in_block_hash, included_in_chunk_hash, index_in_chunk, block_timestamp, signer_account_id, signer_key, nonce, receiver_account_id, signature, status, converted_into_receipt_id, receipt_conversion_gas_burnt, receipt_conversion_tokens_burnt) VALUES ('iGUyvvwnsFRK3fcSZT8KtWb71TnsJiXh3GcnbAcFTzp', '4rZGEMZY56TNXBvcpKZwxEytL6AuUM1P8WPbmKEuLLBN', '5ueGhfFJpFgsog5pE8yBqD7BxS5htFbk91iWB919kTia', 0, 1646727821011267509, 'newafro.near', 'ed25519:CyX5mAUQ3R3qmT2LJapmbyMFthVmMXkV13KamesnVcsx', 60996094000002, 'token.v2.ref-finance.near', 'ed25519:5YuBuhRqT5Pecedt3zgBtFBY5YPYaWghDNZYh2REMihaAkucSYCYiSsPu9eK1Zmk17RzM2YzScsuKrK83XFuxDn7', 'SUCCESS_RECEIPT_ID', '4BwKynMch9naQZZwD3VqJKowkq4PMktDAbqrAgtJBpRv', 2428081987248, 242808198724800000000);
INSERT INTO transactions (transaction_hash, included_in_block_hash, included_in_chunk_hash, index_in_chunk, block_timestamp, signer_account_id, signer_key, nonce, receiver_account_id, signature, status, converted_into_receipt_id, receipt_conversion_gas_burnt, receipt_conversion_tokens_burnt) VALUES ('6MYAXgsTZMdcdizxU27FfJzsfkcRSRmJsC4a2DHQf1ae', 'FuYEjCYwy8Mz7jaquQemMsTkBj2vcUERRHP6YyS11DpF', '2dVqqLjov1Fo3WrkeVuyvereamUkRcPKgg8AKSKYJdMN', 0, 1646734638342874150, 'newafro.near', 'ed25519:HAgTfLeQio24Gczs5DnHkYmDTtxgoHyTcy6NwKNJnhKb', 60998007000002, 'e-near.near', 'ed25519:ZDRgsnmhWGXqooF54oU6DUwKfzx6Jic2ZBRqBjGgFdzeXWJTLog3m5Heh1ofrRkiGuyEx7qrjZQaUqD5SeB6Xzc', 'SUCCESS_RECEIPT_ID', '51KpJ6ut71QRQx2ECBzy9ik3WiwoNQw9CBZwrPS3iu6G', 2428097638786, 242809763878600000000);
INSERT INTO transactions (transaction_hash, included_in_block_hash, included_in_chunk_hash, index_in_chunk, block_timestamp, signer_account_id, signer_key, nonce, receiver_account_id, signature, status, converted_into_receipt_id, receipt_conversion_gas_burnt, receipt_conversion_tokens_burnt) VALUES ('84JWoWUf9HW3QSTYXdXrMYoxuS6gZAtJVDR3GYU5A8E7', 'C87RCKNeGLb2F7TY1RfEGGUh25yf1t6CChYopoboaPG9', 'A6ru891jwkf1Wyecsx1FtGsD3ru4qwEFkLg36otVyK6H', 14, 1651505464768623113, 'nf-payments.near', 'ed25519:7i4mKFA7qVs6HWhUmdk5rDoNDVkxZ8ZzvN6X1QGvHNoM', 49510257001768, 'nf-payments1.near', 'ed25519:2U67ZdNNaERE2EECfURX3L3aJMXWAVT4bK3XbnKGtsmnVwvUKvaU7Jv9izssKumMQaoENTzXQd7fYXxxAXr3DMxi', 'SUCCESS_RECEIPT_ID', '9WNAL2emFAbot9Ca5DXkyJCXrFgkfRrX1YtDHkvcvwHx', 223182562500, 22318256250000000000);
INSERT INTO transactions (transaction_hash, included_in_block_hash, included_in_chunk_hash, index_in_chunk, block_timestamp, signer_account_id, signer_key, nonce, receiver_account_id, signature, status, converted_into_receipt_id, receipt_conversion_gas_burnt, receipt_conversion_tokens_burnt) VALUES ('CnG41PfjS1omzY1bWFEhSWh811w3zWZqsZm8M85ppGr1', 'FJ7TWS5SrepssB2Z1AvxwCpkurndwDR5b9prRkSRAHz6', '4M4x28hL3sFZe8aK9Pj5vt1jRwbqUPyauJbycSJ3eGRr', 2, 1646393978913436353, 'newafro.near', 'ed25519:EHPeimCFYsnn3LnFYsECPBtTdwi5nLnJZzkvgkWnCAx6', 60729751000002, 'wrap.near', 'ed25519:25okXhqpXjAf96WpVVVw4KJF5qXWyQ9Zr8kWuC23HfMo4NoDh92cHwzF1wdgqQVscDvXtF9bBDPkVThUjF6hsKoX', 'SUCCESS_RECEIPT_ID', '4BwMBTRKbnaRMH4Fqm3AQM4kU1G9GeSybad9wrc4cdxS', 2427952303076, 242795230307600000000);
INSERT INTO transactions (transaction_hash, included_in_block_hash, included_in_chunk_hash, index_in_chunk, block_timestamp, signer_account_id, signer_key, nonce, receiver_account_id, signature, status, converted_into_receipt_id, receipt_conversion_gas_burnt, receipt_conversion_tokens_burnt) VALUES ('5KzsCLAHgMxAgH1pMP8tukJx9VCZRhmG4mMrY2L7vpp8', '2YxMsWoxghLZFrFLBgpTighvCNV2wzLhcqsWVZ7jnVgD', 'HX9P2KhGa1ABkfg152fTKHvF2Rajq1iJTnxABcpD61XR', 2, 1646728173152787229, 'newafro.near', 'ed25519:CyX5mAUQ3R3qmT2LJapmbyMFthVmMXkV13KamesnVcsx', 60996094000007, 'near', 'ed25519:4M4cWcpaBse39dQzQ8Eo4nngMptMGRUb11uYmXh4g7t5TxkPWCNebpZ5EzUBUESS1SVbgtL2ZPtSawb2JuCfvVh4', 'SUCCESS_RECEIPT_ID', '66DcPAETUf7RhJAXJXiBm6WE43S5fQ7HgCiZCW1tdUPc', 2428066335710, 242806633571000000000);
INSERT INTO transactions (transaction_hash, included_in_block_hash, included_in_chunk_hash, index_in_chunk, block_timestamp, signer_account_id, signer_key, nonce, receiver_account_id, signature, status, converted_into_receipt_id, receipt_conversion_gas_burnt, receipt_conversion_tokens_burnt) VALUES ('2Qg8p6xcr7WW3c2UUybipn7vKjdtqzU45fxXnw1gERxW', '6f5WiVXHgbzpSPAV9bqSMaJDgSNh5GNX3m9hqoMrYUs4', 'AUnpPbsd47iVN8wgJTRS3sPg5tk1jAXnJAcM8LsTJaCU', 1, 1646729097743310033, 'newafro.near', 'ed25519:8FiezMQHJJxJQrzsfDs7bmWHVACT7ked9N1mHbJMaTsB', 60996816000009, 'multisender.app.near', 'ed25519:5iVxGB9kFS8qrgAEbnrTxPgFBnphMdqHvh52uKwzncZj4b3UeeaqKRJ5UfbTJvw9rpxXz65o7RvH3cyFvJSGUG2o', 'SUCCESS_RECEIPT_ID', 'TKEJxuD2LH4Sq52WBQgVSx21LE3GKFiUb9rSb4ZnmBV', 2427941123406, 242794112340600000000);
INSERT INTO transactions (transaction_hash, included_in_block_hash, included_in_chunk_hash, index_in_chunk, block_timestamp, signer_account_id, signer_key, nonce, receiver_account_id, signature, status, converted_into_receipt_id, receipt_conversion_gas_burnt, receipt_conversion_tokens_burnt) VALUES ('5VU8Jk6avWa6GVo9SaAiATrZB9ruz8xVCEN2QLHK5Xk8', '24ZiWhrhA9ZAB8cUSZm2BAg6JoLkPgA8bHm4frrJrmzG', '3KDSEL4VFzvBeLFry2rjSV3E8PinZooMPSyz6RPLEZSA', 3, 1646729572653685670, 'newafro.near', 'ed25519:8FiezMQHJJxJQrzsfDs7bmWHVACT7ked9N1mHbJMaTsB', 60996816000013, 'stardust.poolv1.near', 'ed25519:2Bc97MtiMUfNC8Feu4GheU9U47qHEBtySQuCKcT9Gz518YAnvtLmF9W4ivSnb47Q8gk2ZKJpJMFY42dZH5qsKeuM', 'SUCCESS_RECEIPT_ID', 'CXfUqKyRMSY8JT2tkfxk1P9zWDjFVZhET76qE217BRVZ', 2427963482746, 242796348274600000000);
